resultId,raceId,driverId,constructorId,number,grid,position,positionText,positionOrder,points,laps,time,milliseconds,fastestLap,rank,fastestLapTime,fastestLapSpeed,statusId
1,18,1,1,22,1,1,1,1,10.0,58,1:34:50.616,5690616,39,2,1:27.452,218.300,1
2,18,2,2,3,5,2,2,2,8.0,58,+5.478,5696094,41,3,1:27.739,217.586,1
3,18,3,3,7,7,3,3,3,6.0,58,+8.163,5698779,41,5,1:28.090,216.719,1
4,18,4,4,5,11,4,4,4,5.0,58,+17.181,5707797,58,7,1:28.603,215.464,1
5,18,5,1,23,3,5,5,5,4.0,58,+18.014,5708630,43,1,1:27.418,218.385,1
6,18,6,3,8,13,6,6,6,3.0,57,\N,\N,50,14,1:29.639,212.974,11
7,18,7,5,14,17,7,7,7,2.0,55,\N,\N,22,12,1:29.534,213.224,5
8,18,8,6,1,15,8,8,8,1.0,53,\N,\N,20,4,1:27.903,217.180,5
9,18,9,2,4,2,\N,R,9,0.0,47,\N,\N,15,9,1:28.753,215.100,4
10,18,10,7,12,18,\N,R,10,0.0,43,\N,\N,23,13,1:29.558,213.166,3
11,18,11,8,18,19,\N,R,11,0.0,32,\N,\N,24,15,1:30.892,210.038,7
12,18,12,4,6,20,\N,R,12,0.0,30,\N,\N,20,16,1:31.384,208.907,8
13,18,13,6,2,4,\N,R,13,0.0,29,\N,\N,23,6,1:28.175,216.510,5
14,18,14,9,9,8,\N,R,14,0.0,25,\N,\N,21,11,1:29.502,213.300,4
15,18,15,7,11,6,\N,R,15,0.0,19,\N,\N,18,10,1:29.310,213.758,10
16,18,16,10,20,22,\N,R,16,0.0,8,\N,\N,8,17,1:32.021,207.461,9
17,18,17,9,10,14,\N,R,17,0.0,0,\N,\N,\N,\N,\N,\N,4
18,18,18,11,16,12,\N,R,18,0.0,0,\N,\N,\N,\N,\N,\N,4
19,18,19,8,19,21,\N,R,19,0.0,0,\N,\N,\N,\N,\N,\N,4
20,18,20,5,15,9,\N,R,20,0.0,0,\N,\N,\N,\N,\N,\N,4
21,18,21,10,21,16,\N,R,21,0.0,0,\N,\N,\N,\N,\N,\N,4
22,18,22,11,17,10,\N,D,22,0.0,58,\N,\N,44,8,1:28.736,215.141,2
23,19,8,6,1,2,1,1,1,10.0,56,1:31:18.555,5478555,37,2,1:35.405,209.158,1
24,19,9,2,4,4,2,2,2,8.0,56,+19.570,5498125,39,6,1:35.921,208.033,1
25,19,5,1,23,8,3,3,3,6.0,56,+38.450,5517005,19,7,1:35.922,208.031,1
26,19,15,7,11,3,4,4,4,5.0,56,+45.832,5524387,53,8,1:36.068,207.715,1
27,19,1,1,22,9,5,5,5,4.0,56,+46.548,5525103,53,3,1:35.462,209.033,1
28,19,2,2,3,5,6,6,6,3.0,56,+49.833,5528388,55,1,1:35.366,209.244,1
29,19,17,9,10,6,7,7,7,2.0,56,+1:08.130,5546685,53,12,1:36.696,206.366,1
30,19,4,4,5,7,8,8,8,1.0,56,+1:10.041,5548596,40,10,1:36.288,207.240,1
31,19,14,9,9,12,9,9,9,0.0,56,+1:16.220,5554775,55,9,1:36.206,207.417,1
32,19,18,11,16,11,10,10,10,0.0,56,+1:26.214,5564769,56,4,1:35.715,208.481,1
33,19,12,4,6,13,11,11,11,0.0,56,+1:32.202,5570757,52,15,1:36.956,205.812,1
34,19,21,10,21,17,12,12,12,0.0,55,\N,\N,52,16,1:36.962,205.800,11
35,19,22,11,17,14,13,13,13,0.0,55,\N,\N,55,11,1:36.693,206.372,11
36,19,3,3,7,16,14,14,14,0.0,55,\N,\N,55,13,1:36.782,206.182,11
37,19,19,8,19,21,15,15,15,0.0,55,\N,\N,55,18,1:38.171,203.265,11
38,19,11,8,18,19,16,16,16,0.0,54,\N,\N,53,19,1:38.504,202.578,12
39,19,6,3,8,22,17,17,17,0.0,54,\N,\N,19,17,1:37.711,204.222,12
40,19,20,5,15,15,\N,R,18,0.0,39,\N,\N,37,14,1:36.870,205.995,5
41,19,13,6,2,1,\N,R,19,0.0,30,\N,\N,15,5,1:35.914,208.048,20
42,19,16,10,20,20,\N,R,20,0.0,5,\N,\N,3,20,1:40.330,198.891,9
43,19,10,7,12,10,\N,R,21,0.0,1,\N,\N,\N,\N,\N,\N,4
44,19,7,5,14,18,\N,R,22,0.0,0,\N,\N,\N,\N,\N,\N,20
45,20,13,6,2,2,1,1,1,10.0,57,1:31:06.970,5466970,38,3,1:33.600,208.153,1
46,20,8,6,1,4,2,2,2,8.0,57,+3.339,5470309,35,4,1:33.709,207.911,1
47,20,9,2,4,1,3,3,3,6.0,57,+4.998,5471968,55,5,1:33.775,207.765,1
48,20,2,2,3,6,4,4,4,5.0,57,+8.409,5475379,48,2,1:33.565,208.231,1
49,20,5,1,23,5,5,5,5,4.0,57,+26.789,5493759,49,1,1:33.193,209.062,1
50,20,15,7,11,7,6,6,6,3.0,57,+41.314,5508284,45,7,1:34.204,206.819,1
51,20,17,9,10,11,7,7,7,2.0,57,+45.473,5512443,51,8,1:34.305,206.597,1
52,20,3,3,7,8,8,8,8,1.0,57,+55.889,5522859,57,6,1:34.072,207.109,1
53,20,10,7,12,13,9,9,9,0.0,57,+1:09.500,5536470,56,9,1:34.807,205.503,1
54,20,4,4,5,10,10,10,10,0.0,57,+1:17.181,5544151,35,13,1:35.194,204.668,1
55,20,22,11,17,12,11,11,11,0.0,57,+1:17.862,5544832,40,10,1:34.855,205.399,1
56,20,21,10,21,18,12,12,12,0.0,56,\N,\N,56,11,1:35.057,204.963,11
57,20,1,1,22,3,13,13,13,0.0,56,\N,\N,25,19,1:35.520,203.969,11
58,20,6,3,8,16,14,14,14,0.0,56,\N,\N,30,17,1:35.433,204.155,11
59,20,7,5,14,15,15,15,15,0.0,56,\N,\N,33,15,1:35.333,204.369,11
60,20,19,8,19,21,16,16,16,0.0,56,\N,\N,45,14,1:35.324,204.389,11
61,20,11,8,18,22,17,17,17,0.0,56,\N,\N,56,20,1:35.891,203.180,11
62,20,14,9,9,17,18,18,18,0.0,56,\N,\N,43,16,1:35.351,204.331,11
63,20,16,10,20,20,19,19,19,0.0,56,\N,\N,55,18,1:35.442,204.136,12
64,20,12,4,6,14,\N,R,20,0.0,40,\N,\N,31,12,1:35.129,204.808,6
65,20,18,11,16,9,\N,R,21,0.0,19,\N,\N,11,21,1:36.125,202.686,4
66,20,20,5,15,19,\N,R,22,0.0,0,\N,\N,\N,\N,\N,\N,5
67,21,8,6,1,1,1,1,1,10.0,66,1:38:19.051,5899051,46,1,1:21.670,205.191,1
68,21,13,6,2,3,2,2,2,8.0,66,+3.228,5902279,45,2,1:21.801,204.863,1
69,21,1,1,22,5,3,3,3,6.0,66,+4.187,5903238,20,3,1:22.017,204.323,1
70,21,9,2,4,4,4,4,4,5.0,66,+5.694,5904745,20,4,1:22.106,204.102,1
71,21,17,9,10,7,5,5,5,4.0,66,+35.938,5934989,19,8,1:22.564,202.969,1
72,21,18,11,16,13,6,6,6,3.0,66,+53.010,5952061,66,5,1:22.353,203.489,1
73,21,6,3,8,12,7,7,7,2.0,66,+58.244,5957295,48,15,1:23.549,200.576,1
74,21,15,7,11,8,8,8,8,1.0,66,+59.435,5958486,45,10,1:22.758,202.494,1
75,21,2,2,3,9,9,9,9,0.0,66,+1:03.073,5962124,21,7,1:22.519,203.080,1
76,21,21,10,21,19,10,10,10,0.0,65,\N,\N,40,14,1:23.439,200.841,11
77,21,10,7,12,14,11,11,11,0.0,65,\N,\N,57,12,1:23.007,201.886,11
78,21,14,9,9,17,12,12,12,0.0,65,\N,\N,57,11,1:22.842,202.288,11
79,21,11,8,18,22,13,13,13,0.0,65,\N,\N,34,17,1:24.617,198.045,11
80,21,3,3,7,15,\N,R,14,0.0,41,\N,\N,20,13,1:23.319,201.130,5
81,21,4,4,5,2,\N,R,15,0.0,34,\N,\N,15,9,1:22.683,202.677,5
82,21,22,11,17,11,\N,R,16,0.0,34,\N,\N,21,16,1:23.858,199.837,4
83,21,5,1,23,6,\N,R,17,0.0,21,\N,\N,19,6,1:22.453,203.243,3
84,21,19,8,19,21,\N,R,18,0.0,8,\N,\N,6,20,1:26.864,192.922,21
85,21,7,5,14,16,\N,R,19,0.0,7,\N,\N,6,19,1:25.999,194.862,4
86,21,12,4,6,10,\N,R,20,0.0,6,\N,\N,6,18,1:25.444,196.128,4
87,21,16,10,20,20,\N,R,21,0.0,0,\N,\N,\N,\N,\N,\N,4
88,21,20,5,15,18,\N,R,22,0.0,0,\N,\N,\N,\N,\N,\N,4
89,22,13,6,2,1,1,1,1,10.0,58,1:26:49.451,5209451,16,3,1:26.666,221.734,1
90,22,1,1,22,3,2,2,2,8.0,58,+3.779,5213230,31,2,1:26.529,222.085,1
91,22,8,6,1,4,3,3,3,6.0,58,+4.271,5213722,20,1,1:26.506,222.144,1
92,22,9,2,4,5,4,4,4,5.0,58,+21.945,5231396,17,4,1:26.780,221.442,1
93,22,2,2,3,9,5,5,5,4.0,58,+38.741,5248192,20,5,1:27.219,220.328,1
94,22,4,4,5,7,6,6,6,3.0,58,+53.724,5263175,57,6,1:27.280,220.174,1
95,22,17,9,10,6,7,7,7,2.0,58,+1:04.229,5273680,14,7,1:27.630,219.294,1
96,22,3,3,7,11,8,8,8,1.0,58,+1:11.406,5280857,55,9,1:27.795,218.882,1
97,22,14,9,9,10,9,9,9,0.0,58,+1:15.270,5284721,41,12,1:27.966,218.457,1
98,22,15,7,11,8,10,10,10,0.0,58,+1:16.344,5285795,52,11,1:27.926,218.556,1
99,22,18,11,16,13,11,11,11,0.0,57,\N,\N,57,13,1:27.998,218.377,11
100,22,5,1,23,2,12,12,12,0.0,57,\N,\N,55,8,1:27.640,219.269,11
101,22,10,7,12,15,13,13,13,0.0,57,\N,\N,28,16,1:28.303,217.623,11
102,22,22,11,17,12,14,14,14,0.0,57,\N,\N,56,14,1:28.017,218.330,11
103,22,12,4,6,17,15,15,15,0.0,57,\N,\N,40,10,1:27.867,218.703,11
104,22,16,10,20,19,16,16,16,0.0,57,\N,\N,35,18,1:28.780,216.454,11
105,22,20,5,15,14,17,17,17,0.0,57,\N,\N,38,15,1:28.180,217.926,11
106,22,7,5,14,18,\N,R,18,0.0,24,\N,\N,19,17,1:28.745,216.539,22
107,22,6,3,8,16,\N,R,19,0.0,1,\N,\N,\N,\N,\N,\N,4
108,22,21,10,21,20,\N,R,20,0.0,0,\N,\N,\N,\N,\N,\N,4
109,23,1,1,22,3,1,1,1,10.0,76,2:00:42.742,7242742,71,6,1:18.510,153.152,1
110,23,9,2,4,5,2,2,2,8.0,76,+3.064,7245806,75,5,1:17.933,154.286,1
111,23,13,6,2,1,3,3,3,6.0,76,+4.811,7247553,76,4,1:17.886,154.379,1
112,23,17,9,10,9,4,4,4,5.0,76,+19.295,7262037,74,8,1:19.036,152.133,1
113,23,20,5,15,19,5,5,5,4.0,76,+24.657,7267399,74,7,1:18.787,152.614,1
114,23,22,11,17,14,6,6,6,3.0,76,+28.408,7271150,75,9,1:19.574,151.104,1
115,23,6,3,8,13,7,7,7,2.0,76,+30.180,7272922,75,13,1:19.910,150.469,1
116,23,5,1,23,4,8,8,8,1.0,76,+33.191,7275933,74,2,1:17.282,155.586,1
117,23,8,6,1,2,9,9,9,0.0,76,+33.792,7276534,74,1,1:16.689,156.789,1
118,23,4,4,5,7,10,10,10,0.0,75,\N,\N,73,3,1:17.869,154.413,11
119,23,18,11,16,11,11,11,11,0.0,75,\N,\N,74,10,1:19.582,151.089,11
120,23,10,7,12,10,12,12,12,0.0,75,\N,\N,75,11,1:19.618,151.021,11
121,23,15,7,11,8,13,13,13,0.0,75,\N,\N,75,12,1:19.830,150.620,11
122,23,2,2,3,12,14,14,14,0.0,72,\N,\N,72,14,1:20.251,149.829,14
123,23,16,10,20,18,\N,R,15,0.0,67,\N,\N,60,16,1:22.039,146.564,4
124,23,3,3,7,6,\N,R,16,0.0,59,\N,\N,58,15,1:21.270,147.951,3
125,23,12,4,6,17,\N,R,17,0.0,47,\N,\N,40,17,1:31.187,131.860,3
126,23,21,10,21,20,\N,R,18,0.0,36,\N,\N,33,18,1:32.849,129.500,6
127,23,14,9,9,15,\N,R,19,0.0,7,\N,\N,7,20,1:42.112,117.753,3
128,23,7,5,14,16,\N,R,20,0.0,7,\N,\N,7,19,1:41.150,118.872,4
129,24,9,2,4,2,1,1,1,10.0,70,1:36:24.227,5784227,47,4,1:17.539,202.473,1
130,24,2,2,3,8,2,2,2,8.0,70,+16.495,5800722,25,2,1:17.430,202.758,1
131,24,14,9,9,13,3,3,3,6.0,70,+23.352,5807579,36,7,1:18.085,201.057,1
132,24,10,7,12,11,4,4,4,5.0,70,+42.627,5826854,31,17,1:19.087,198.510,1
133,24,13,6,2,6,5,5,5,4.0,70,+43.934,5828161,11,6,1:18.006,201.261,1
134,24,15,7,11,14,6,6,6,3.0,70,+47.775,5832002,38,15,1:18.870,199.056,1
135,24,22,11,17,9,7,7,7,2.0,70,+53.597,5837824,35,10,1:18.301,200.503,1
136,24,20,5,15,19,8,8,8,1.0,70,+54.120,5838347,33,12,1:18.532,199.913,1
137,24,5,1,23,7,9,9,9,0.0,70,+54.433,5838660,62,11,1:18.462,200.091,1
138,24,3,3,7,5,10,10,10,0.0,70,+54.749,5838976,14,5,1:17.977,201.336,1
139,24,18,11,16,20,11,11,11,0.0,70,+1:07.540,5851767,58,19,1:19.352,197.847,1
140,24,17,9,10,10,12,12,12,0.0,70,+1:11.299,5855526,51,8,1:18.201,200.759,1
141,24,7,5,14,18,13,13,13,0.0,69,\N,\N,34,13,1:18.620,199.689,11
142,24,21,10,21,17,\N,R,14,0.0,51,\N,\N,41,16,1:19.066,198.563,20
143,24,6,3,8,12,\N,R,15,0.0,46,\N,\N,30,14,1:18.784,199.273,3
144,24,4,4,5,4,\N,R,16,0.0,44,\N,\N,16,9,1:18.225,200.697,20
145,24,12,4,6,15,\N,R,17,0.0,43,\N,\N,16,18,1:19.239,198.129,23
146,24,8,6,1,3,\N,R,18,0.0,19,\N,\N,14,1,1:17.387,202.871,4
147,24,1,1,22,1,\N,R,19,0.0,19,\N,\N,4,3,1:17.506,202.559,4
148,24,16,10,20,16,\N,R,20,0.0,13,\N,\N,7,20,1:20.666,194.624,6
149,25,13,6,2,2,1,1,1,10.0,70,1:31:50.245,5510245,20,2,1:16.729,206.956,1
150,25,8,6,1,1,2,2,2,8.0,70,+17.984,5528229,16,1,1:16.630,207.224,1
151,25,15,7,11,4,3,3,3,6.0,70,+28.250,5538495,12,7,1:17.567,204.721,1
152,25,5,1,23,10,4,4,4,5.0,70,+28.929,5539174,46,3,1:17.134,205.870,1
153,25,9,2,4,5,5,5,5,4.0,70,+30.512,5540757,16,4,1:17.172,205.768,1
154,25,17,9,10,6,6,6,6,3.0,70,+40.304,5550549,22,6,1:17.507,204.879,1
155,25,12,4,6,9,7,7,7,2.0,70,+41.033,5551278,24,10,1:17.758,204.218,1
156,25,4,4,5,3,8,8,8,1.0,70,+43.372,5553617,39,8,1:17.641,204.525,1
157,25,14,9,9,7,9,9,9,0.0,70,+51.021,5561266,23,12,1:17.818,204.060,1
158,25,1,1,22,13,10,10,10,0.0,70,+54.538,5564783,40,5,1:17.453,205.022,1
159,25,10,7,12,8,11,11,11,0.0,70,+57.700,5567945,45,13,1:17.836,204.013,1
160,25,20,5,15,12,12,12,12,0.0,70,+58.065,5568310,36,11,1:17.760,204.212,1
161,25,2,2,3,11,13,13,13,0.0,70,+1:02.079,5572324,46,9,1:17.716,204.328,1
162,25,22,11,17,20,14,14,14,0.0,69,\N,\N,54,14,1:17.969,203.665,11
163,25,6,3,8,15,15,15,15,0.0,69,\N,\N,60,15,1:18.054,203.443,11
164,25,3,3,7,19,16,16,16,0.0,69,\N,\N,38,17,1:18.311,202.776,11
165,25,7,5,14,14,17,17,17,0.0,69,\N,\N,28,16,1:18.216,203.022,11
166,25,21,10,21,17,18,18,18,0.0,69,\N,\N,53,19,1:18.557,202.141,11
167,25,16,10,20,18,19,19,19,0.0,69,\N,\N,41,18,1:18.462,202.385,11
168,25,18,11,16,16,\N,R,20,0.0,16,\N,\N,15,20,1:20.876,196.345,4
169,26,1,1,22,4,1,1,1,10.0,60,1:39:09.440,5949440,16,3,1:32.817,199.398,1
170,26,2,2,3,5,2,2,2,8.0,60,+1:08.577,6018017,21,2,1:32.719,199.609,1
171,26,22,11,17,16,3,3,3,6.0,60,+1:22.273,6031713,21,11,1:33.386,198.183,1
172,26,8,6,1,3,4,4,4,5.0,59,\N,\N,18,1,1:32.150,200.842,11
173,26,5,1,23,1,5,5,5,4.0,59,\N,\N,17,5,1:33.130,198.728,11
174,26,4,4,5,6,6,6,6,3.0,59,\N,\N,17,6,1:33.133,198.722,11
175,26,15,7,11,14,7,7,7,2.0,59,\N,\N,22,13,1:33.808,197.292,11
176,26,6,3,8,15,8,8,8,1.0,59,\N,\N,21,14,1:34.277,196.310,11
177,26,3,3,7,20,9,9,9,0.0,59,\N,\N,21,16,1:34.797,195.234,11
178,26,17,9,10,2,10,10,10,0.0,59,\N,\N,17,4,1:32.952,199.109,11
179,26,7,5,14,13,11,11,11,0.0,59,\N,\N,21,9,1:33.367,198.224,11
180,26,10,7,12,12,12,12,12,0.0,59,\N,\N,19,15,1:34.610,195.619,11
181,26,13,6,2,9,13,13,13,0.0,58,\N,\N,19,8,1:33.257,198.458,12
182,26,9,2,4,10,\N,R,14,0.0,39,\N,\N,22,12,1:33.539,197.859,20
183,26,18,11,16,17,\N,R,15,0.0,38,\N,\N,21,10,1:33.376,198.205,20
184,26,12,4,6,7,\N,R,16,0.0,35,\N,\N,21,7,1:33.203,198.573,20
185,26,21,10,21,19,\N,R,17,0.0,16,\N,\N,21,17,1:34.930,194.960,20
186,26,16,10,20,18,\N,R,18,0.0,10,\N,\N,5,18,1:38.160,188.545,20
187,26,20,5,15,8,\N,R,19,0.0,0,\N,\N,\N,\N,\N,\N,4
188,26,14,9,9,11,\N,R,20,0.0,0,\N,\N,\N,\N,\N,\N,4
189,27,1,1,22,1,1,1,1,10.0,67,1:31:20.874,5480874,17,2,1:16.039,216.552,1
190,27,12,4,6,17,2,2,2,8.0,67,+5.586,5486460,66,9,1:16.910,214.099,1
191,27,13,6,2,2,3,3,3,6.0,67,+9.339,5490213,19,5,1:16.502,215.241,1
192,27,2,2,3,12,4,4,4,5.0,67,+9.825,5490699,52,1,1:15.987,216.700,1
193,27,5,1,23,3,5,5,5,4.0,67,+12.411,5493285,63,4,1:16.495,215.261,1
194,27,8,6,1,6,6,6,6,3.0,67,+14.403,5495277,66,3,1:16.342,215.692,1
195,27,9,2,4,7,7,7,7,2.0,67,+22.682,5503556,17,6,1:16.610,214.937,1
196,27,20,5,15,9,8,8,8,1.0,67,+33.299,5514173,20,8,1:16.772,214.484,1
197,27,15,7,11,4,9,9,9,0.0,67,+37.158,5518032,17,12,1:17.023,213.785,1
198,27,3,3,7,13,10,10,10,0.0,67,+37.625,5518499,34,15,1:17.380,212.799,1
199,27,4,4,5,5,11,11,11,0.0,67,+38.600,5519474,17,13,1:17.115,213.530,1
200,27,7,5,14,15,12,12,12,0.0,67,+39.111,5519985,63,10,1:16.969,213.935,1
201,27,14,9,9,10,13,13,13,0.0,67,+54.971,5535845,18,11,1:16.994,213.866,1
202,27,6,3,8,16,14,14,14,0.0,67,+1:00.003,5540877,23,17,1:17.691,211.947,1
203,27,16,10,20,19,15,15,15,0.0,67,+1:09.488,5550362,66,18,1:17.889,211.408,1
204,27,21,10,21,20,16,16,16,0.0,67,+1:24.093,5564967,67,20,1:18.208,210.546,1
205,27,18,11,16,14,17,17,17,0.0,66,\N,\N,56,16,1:17.636,212.097,11
206,27,22,11,17,18,\N,R,18,0.0,50,\N,\N,30,19,1:17.986,211.145,4
207,27,17,9,10,8,\N,R,19,0.0,40,\N,\N,20,14,1:17.206,213.278,5
208,27,10,7,12,11,\N,R,20,0.0,35,\N,\N,24,7,1:16.712,214.652,22
209,28,5,1,23,2,1,1,1,10.0,70,1:37:27.067,5847067,19,7,1:21.753,192.917,1
210,28,10,7,12,5,2,2,2,8.0,70,+11.061,5858128,42,6,1:21.671,193.111,1
211,28,8,6,1,6,3,3,3,6.0,70,+16.856,5863923,61,1,1:21.195,194.243,1
212,28,4,4,5,7,4,4,4,5.0,70,+21.614,5868681,47,8,1:21.793,192.823,1
213,28,1,1,22,1,5,5,5,4.0,70,+23.048,5870115,15,3,1:21.493,193.533,1
214,28,12,4,6,10,6,6,6,3.0,70,+32.298,5879365,64,4,1:21.537,193.428,1
215,28,15,7,11,9,7,7,7,2.0,70,+36.449,5883516,65,5,1:21.638,193.189,1
216,28,9,2,4,4,8,8,8,1.0,70,+48.321,5895388,70,9,1:21.941,192.475,1
217,28,17,9,10,8,9,9,9,0.0,70,+58.834,5905901,67,10,1:22.125,192.043,1
218,28,2,2,3,15,10,10,10,0.0,70,+1:07.709,5914776,67,11,1:22.183,191.908,1
219,28,14,9,9,13,11,11,11,0.0,70,+1:10.407,5917474,67,16,1:22.732,190.634,1
220,28,18,11,16,12,12,12,12,0.0,69,\N,\N,63,13,1:22.397,191.409,11
221,28,6,3,8,16,13,13,13,0.0,69,\N,\N,67,18,1:23.307,189.319,11
222,28,3,3,7,14,14,14,14,0.0,69,\N,\N,57,12,1:22.397,191.409,11
223,28,21,10,21,18,15,15,15,0.0,69,\N,\N,68,15,1:22.641,190.844,11
224,28,22,11,17,17,16,16,16,0.0,68,\N,\N,65,14,1:22.436,191.319,12
225,28,13,6,2,3,17,17,17,0.0,67,\N,\N,16,2,1:21.355,193.861,5
226,28,7,5,14,19,18,18,18,0.0,67,\N,\N,29,17,1:23.220,189.516,13
227,28,16,10,20,20,\N,R,19,0.0,62,\N,\N,29,19,1:23.650,188.542,23
228,28,20,5,15,11,\N,R,20,0.0,22,\N,\N,17,20,1:24.222,187.262,25
229,29,13,6,2,1,1,1,1,10.0,57,1:35:32.339,5732339,36,1,1:38.708,197.637,1
230,29,1,1,22,2,2,2,2,8.0,57,+5.611,5737950,16,2,1:38.884,197.285,1
231,29,9,2,4,3,3,3,3,6.0,57,+37.353,5769692,38,4,1:39.330,196.399,1
232,29,5,1,23,5,4,4,4,5.0,57,+39.703,5772042,19,3,1:39.112,196.831,1
233,29,15,7,11,7,5,5,5,4.0,57,+50.684,5783023,37,12,1:39.657,195.755,1
234,29,20,5,15,6,6,6,6,3.0,57,+52.625,5784964,36,6,1:39.485,196.093,1
235,29,10,7,12,13,7,7,7,2.0,57,+1:07.990,5800329,54,8,1:39.535,195.995,1
236,29,3,3,7,9,8,8,8,1.0,57,+1:11.457,5803796,35,10,1:39.577,195.912,1
237,29,2,2,3,8,9,9,9,0.0,57,+1:22.177,5814516,57,7,1:39.526,196.013,1
238,29,7,5,14,10,10,10,10,0.0,57,+1:29.794,5822133,35,11,1:39.639,195.790,1
239,29,12,4,6,15,11,11,11,0.0,57,+1:32.717,5825056,29,9,1:39.544,195.977,1
240,29,17,9,10,14,12,12,12,0.0,56,\N,\N,27,14,1:40.264,194.570,11
241,29,18,11,16,16,13,13,13,0.0,56,\N,\N,21,18,1:40.763,193.606,11
242,29,21,10,21,18,14,14,14,0.0,56,\N,\N,54,15,1:40.353,194.397,11
243,29,6,3,8,11,15,15,15,0.0,56,\N,\N,56,13,1:39.803,195.469,11
244,29,22,11,17,19,16,16,16,0.0,56,\N,\N,56,16,1:40.593,193.933,11
245,29,14,9,9,17,17,17,17,0.0,56,\N,\N,13,19,1:40.978,193.194,11
246,29,8,6,1,4,\N,R,18,0.0,45,\N,\N,34,5,1:39.424,196.214,5
247,29,16,10,20,20,\N,R,19,0.0,41,\N,\N,28,17,1:40.661,193.802,3
248,29,4,4,5,12,\N,R,20,0.0,0,\N,\N,\N,\N,\N,\N,4
249,30,13,6,2,2,1,1,1,10.0,44,1:22:59.394,4979394,26,3,1:48.222,232.987,1
250,30,2,2,3,5,2,2,2,8.0,44,+9.383,4988777,36,7,1:49.067,231.182,1
251,30,1,1,22,1,3,3,3,6.0,44,+10.539,4989933,20,2,1:48.135,233.175,1
252,30,4,4,5,6,4,4,4,5.0,44,+14.478,4993872,25,9,1:49.238,230.820,1
253,30,20,5,15,10,5,5,5,4.0,44,+14.576,4993970,16,8,1:49.086,231.142,1
254,30,9,2,4,8,6,6,6,3.0,44,+15.037,4994431,36,5,1:48.965,231.399,1
255,30,7,5,14,9,7,7,7,2.0,44,+16.735,4996129,31,6,1:49.002,231.320,1
256,30,17,9,10,7,8,8,8,1.0,44,+42.776,5022170,34,10,1:49.515,230.236,1
257,30,10,7,12,13,9,9,9,0.0,44,+1:07.045,5046439,37,12,1:50.255,228.691,1
258,30,5,1,23,3,10,10,10,0.0,43,\N,\N,35,4,1:48.223,232.985,6
259,30,14,9,9,14,11,11,11,0.0,43,\N,\N,19,11,1:50.177,228.853,11
260,30,3,3,7,15,12,12,12,0.0,43,\N,\N,32,15,1:50.656,227.862,11
261,30,16,10,20,18,13,13,13,0.0,43,\N,\N,27,13,1:50.487,228.211,11
262,30,6,3,8,19,14,14,14,0.0,43,\N,\N,35,17,1:50.970,227.218,11
263,30,18,11,16,17,15,15,15,0.0,43,\N,\N,19,16,1:50.671,227.832,11
264,30,15,7,11,11,16,16,16,0.0,43,\N,\N,32,14,1:50.543,228.095,11
265,30,21,10,21,20,17,17,17,0.0,43,\N,\N,17,19,1:51.701,225.731,11
266,30,8,6,1,4,18,18,18,0.0,42,\N,\N,24,1,1:47.930,233.618,20
267,30,22,11,17,16,\N,R,19,0.0,19,\N,\N,10,20,1:52.072,224.983,6
268,30,12,4,6,12,\N,R,20,0.0,13,\N,\N,12,18,1:51.118,226.915,20
269,31,20,5,15,1,1,1,1,10.0,53,1:26:47.494,5207494,53,14,1:30.510,230.414,1
270,31,5,1,23,2,2,2,2,8.0,53,+12.512,5220006,53,13,1:30.300,230.950,1
271,31,9,2,4,11,3,3,3,6.0,53,+20.471,5227965,52,12,1:30.298,230.955,1
272,31,4,4,5,8,4,4,4,5.0,53,+23.903,5231397,51,9,1:29.961,231.820,1
273,31,2,2,3,10,5,5,5,4.0,53,+27.748,5235242,53,6,1:29.807,232.217,1
274,31,13,6,2,6,6,6,6,3.0,53,+28.816,5236310,52,4,1:29.696,232.505,1
275,31,1,1,22,15,7,7,7,2.0,53,+29.912,5237406,52,5,1:29.721,232.440,1
276,31,17,9,10,3,8,8,8,1.0,53,+32.048,5239542,52,3,1:29.681,232.544,1
277,31,8,6,1,14,9,9,9,0.0,53,+39.468,5246962,53,1,1:28.047,236.859,1
278,31,12,4,6,17,10,10,10,0.0,53,+54.445,5261939,53,16,1:30.918,229.380,1
279,31,10,7,12,9,11,11,11,0.0,53,+58.888,5266382,53,8,1:29.948,231.853,1
280,31,6,3,8,18,12,12,12,0.0,53,+1:02.015,5269509,53,11,1:30.215,231.167,1
281,31,15,7,11,7,13,13,13,0.0,53,+1:05.954,5273448,52,15,1:30.853,229.544,1
282,31,3,3,7,5,14,14,14,0.0,53,+1:08.635,5276129,53,10,1:30.019,231.671,1
283,31,18,11,16,19,15,15,15,0.0,53,+1:13.370,5280864,52,7,1:29.827,232.166,1
284,31,14,9,9,13,16,16,16,0.0,52,\N,\N,49,17,1:32.459,225.557,11
285,31,22,11,17,16,17,17,17,0.0,52,\N,\N,42,19,1:33.918,222.053,11
286,31,7,5,14,4,18,18,18,0.0,52,\N,\N,52,2,1:29.258,233.646,11
287,31,16,10,20,20,19,19,19,0.0,51,\N,\N,51,18,1:33.458,223.146,12
288,31,21,10,21,12,\N,R,20,0.0,11,\N,\N,6,20,1:37.304,214.326,3
289,32,4,4,5,15,1,1,1,10.0,61,1:57:16.304,7036304,55,3,1:45.768,172.464,1
290,32,3,3,7,8,2,2,2,8.0,61,+2.957,7039261,39,5,1:46.454,171.352,1
291,32,1,1,22,2,3,3,3,6.0,61,+5.917,7042221,14,4,1:46.072,171.969,1
292,32,10,7,12,7,4,4,4,5.0,61,+8.155,7044459,50,8,1:47.044,170.408,1
293,32,20,5,15,6,5,5,5,4.0,61,+10.268,7046572,13,9,1:47.271,170.047,1
294,32,2,2,3,9,6,6,6,3.0,61,+11.101,7047405,14,11,1:47.306,169.992,1
295,32,14,9,9,14,7,7,7,2.0,61,+16.387,7052691,41,13,1:47.562,169.587,1
296,32,6,3,8,10,8,8,8,1.0,61,+18.489,7054793,13,10,1:47.287,170.022,1
297,32,18,11,16,12,9,9,9,0.0,61,+19.885,7056189,61,15,1:48.128,168.700,1
298,32,5,1,23,5,10,10,10,0.0,61,+26.902,7063206,14,12,1:47.337,169.943,1
299,32,9,2,4,4,11,11,11,0.0,61,+27.975,7064279,14,6,1:46.899,170.639,1
300,32,7,5,14,17,12,12,12,0.0,61,+29.432,7065736,29,14,1:47.820,169.181,1
301,32,13,6,2,1,13,13,13,0.0,61,+35.170,7071474,13,2,1:45.757,172.482,1
302,32,21,10,21,20,14,14,14,0.0,61,+43.571,7079875,28,16,1:49.101,167.195,1
303,32,8,6,1,3,15,15,15,0.0,57,\N,\N,14,1,1:45.599,172.740,3
304,32,15,7,11,11,\N,R,16,0.0,50,\N,\N,32,7,1:46.972,170.523,9
305,32,16,10,20,19,\N,R,17,0.0,49,\N,\N,38,18,1:49.270,166.936,3
306,32,17,9,10,13,\N,R,18,0.0,29,\N,\N,13,17,1:49.183,167.069,7
307,32,22,11,17,18,\N,R,19,0.0,14,\N,\N,13,19,1:50.320,165.348,26
308,32,12,4,6,16,\N,R,20,0.0,13,\N,\N,13,20,1:50.449,165.154,3
309,33,4,4,5,4,1,1,1,10.0,67,1:30:21.892,5421892,41,3,1:19.101,207.668,1
310,33,9,2,4,6,2,2,2,8.0,67,+5.283,5427175,16,7,1:19.292,207.168,1
311,33,8,6,1,2,3,3,3,6.0,67,+6.400,5428292,66,2,1:18.995,207.947,1
312,33,12,4,6,12,4,4,4,5.0,67,+20.570,5442462,54,4,1:19.199,207.411,1
313,33,15,7,11,7,5,5,5,4.0,67,+23.767,5445659,18,9,1:19.524,206.564,1
314,33,20,5,15,9,6,6,6,3.0,67,+39.207,5461099,21,12,1:19.617,206.322,1
315,33,13,6,2,5,7,7,7,2.0,67,+46.158,5468050,55,1,1:18.426,209.456,1
316,33,17,9,10,13,8,8,8,1.0,67,+50.811,5472703,30,13,1:19.820,205.798,1
317,33,2,2,3,16,9,9,9,0.0,67,+54.120,5476012,67,8,1:19.461,206.727,1
318,33,7,5,14,10,10,10,10,0.0,67,+59.085,5480977,49,6,1:19.262,207.246,1
319,33,3,3,7,15,11,11,11,0.0,67,+1:02.096,5483988,66,10,1:19.531,206.545,1
320,33,1,1,22,1,12,12,12,0.0,67,+1:18.900,5500792,65,11,1:19.560,206.470,1
321,33,22,11,17,17,13,13,13,0.0,66,\N,\N,66,16,1:20.575,203.869,11
322,33,18,11,16,18,14,14,14,0.0,66,\N,\N,66,17,1:20.849,203.178,11
323,33,6,3,8,14,15,15,15,0.0,66,\N,\N,32,15,1:20.364,204.404,11
324,33,21,10,21,20,\N,R,16,0.0,21,\N,\N,20,19,1:21.577,201.365,6
325,33,5,1,23,3,\N,R,17,0.0,16,\N,\N,12,5,1:19.258,207.257,5
326,33,16,10,20,19,\N,R,18,0.0,8,\N,\N,6,18,1:21.189,202.327,27
327,33,10,7,12,8,\N,R,19,0.0,6,\N,\N,4,14,1:20.254,204.685,28
328,33,14,9,9,11,\N,R,20,0.0,0,\N,\N,\N,\N,\N,\N,4
329,34,1,1,22,1,1,1,1,10.0,56,1:31:57.403,5517403,13,1,1:36.325,203.722,1
330,34,13,6,2,3,2,2,2,8.0,56,+14.925,5532328,36,4,1:36.591,203.161,1
331,34,8,6,1,2,3,3,3,6.0,56,+16.445,5533848,14,2,1:36.483,203.389,1
332,34,4,4,5,4,4,4,4,5.0,56,+18.370,5535773,56,5,1:36.659,203.018,1
333,34,2,2,3,9,5,5,5,4.0,56,+28.923,5546326,56,3,1:36.498,203.357,1
334,34,9,2,4,11,6,6,6,3.0,56,+33.219,5550622,56,7,1:36.854,202.610,1
335,34,10,7,12,12,7,7,7,2.0,56,+41.722,5559125,56,6,1:36.727,202.876,1
336,34,12,4,6,10,8,8,8,1.0,56,+56.645,5574048,56,8,1:36.996,202.313,1
337,34,20,5,15,6,9,9,9,0.0,56,+1:04.339,5581742,55,9,1:37.212,201.863,1
338,34,14,9,9,15,10,10,10,0.0,56,+1:14.842,5592245,27,14,1:37.753,200.746,1
339,34,22,11,17,13,11,11,11,0.0,56,+1:25.061,5602464,56,16,1:37.845,200.558,1
340,34,6,3,8,17,12,12,12,0.0,56,+1:30.847,5608250,54,17,1:38.019,200.202,1
341,34,7,5,14,8,13,13,13,0.0,56,+1:31.457,5608860,36,12,1:37.452,201.366,1
342,34,17,9,10,16,14,14,14,0.0,56,+1:32.422,5609825,10,13,1:37.680,200.896,1
343,34,3,3,7,14,15,15,15,0.0,55,\N,\N,38,10,1:37.246,201.793,11
344,34,18,11,16,18,16,16,16,0.0,55,\N,\N,54,15,1:37.773,200.705,11
345,34,21,10,21,20,17,17,17,0.0,55,\N,\N,54,18,1:38.372,199.483,11
346,34,5,1,23,5,\N,R,18,0.0,49,\N,\N,32,11,1:37.302,201.677,9
347,34,16,10,20,19,\N,R,19,0.0,13,\N,\N,13,19,1:39.683,196.860,5
348,34,15,7,11,7,\N,R,20,0.0,2,\N,\N,2,20,2:39.612,122.945,4
349,35,13,6,2,1,1,1,1,10.0,71,1:34:11.435,5651435,36,1,1:13.736,210.377,1
350,35,4,4,5,6,2,2,2,8.0,71,+13.298,5664733,39,8,1:14.229,208.980,1
351,35,8,6,1,3,3,3,3,6.0,71,+16.235,5667670,59,3,1:14.117,209.296,1
352,35,20,5,15,7,4,4,4,5.0,71,+38.011,5689446,25,7,1:14.214,209.022,1
353,35,1,1,22,4,5,5,5,4.0,71,+38.907,5690342,31,4,1:14.159,209.177,1
354,35,10,7,12,10,6,6,6,3.0,71,+44.368,5695803,32,2,1:14.057,209.465,1
355,35,5,1,23,5,7,7,7,2.0,71,+55.074,5706509,36,6,1:14.207,209.042,1
356,35,15,7,11,2,8,8,8,1.0,71,+1:08.433,5719868,40,5,1:14.167,209.155,1
357,35,17,9,10,12,9,9,9,0.0,71,+1:19.666,5731101,40,14,1:15.033,206.741,1
358,35,2,2,3,8,10,10,10,0.0,70,\N,\N,41,10,1:14.652,207.796,11
359,35,9,2,4,13,11,11,11,0.0,70,\N,\N,61,9,1:14.375,208.570,11
360,35,3,3,7,18,12,12,12,0.0,70,\N,\N,35,12,1:14.934,207.014,11
361,35,18,11,16,17,13,13,13,0.0,70,\N,\N,59,11,1:14.759,207.498,11
362,35,7,5,14,9,14,14,14,0.0,70,\N,\N,57,13,1:14.951,206.967,11
363,35,22,11,17,15,15,15,15,0.0,70,\N,\N,35,16,1:15.414,205.696,11
364,35,16,10,20,20,16,16,16,0.0,69,\N,\N,60,17,1:15.773,204.721,12
365,35,6,3,8,16,17,17,17,0.0,69,\N,\N,50,18,1:15.865,204.473,12
366,35,21,10,21,19,18,18,18,0.0,69,\N,\N,36,15,1:15.212,206.249,12
367,35,12,4,6,11,\N,R,19,0.0,0,\N,\N,\N,\N,\N,\N,3
368,35,14,9,9,14,\N,R,20,0.0,0,\N,\N,\N,\N,\N,\N,4
7554,1,18,23,22,1,1,1,1,10.0,58,1:34:15.784,5655784,17,3,1:28.020,216.891,1
7555,1,22,23,23,2,2,2,2,8.0,58,+0.807,5656591,43,14,1:29.066,214.344,1
7556,1,15,7,9,20,3,3,3,6.0,58,+1.604,5657388,50,10,1:28.916,214.706,1
7557,1,10,7,10,19,4,4,4,5.0,58,+4.435,5660219,53,6,1:28.416,215.920,1
7558,1,4,4,7,10,5,5,5,4.0,58,+4.879,5660663,53,9,1:28.712,215.199,1
7559,1,3,3,16,5,6,6,6,3.0,58,+5.722,5661506,48,1,1:27.706,217.668,1
7560,1,67,5,12,13,7,7,7,2.0,58,+6.004,5661788,34,16,1:29.230,213.950,1
7561,1,7,5,11,17,8,8,8,1.0,58,+6.298,5662082,50,17,1:29.823,212.537,1
7562,1,16,10,20,16,9,9,9,0.0,58,+6.335,5662119,43,11,1:28.943,214.640,1
7563,1,2,2,6,9,10,10,10,0.0,58,+7.085,5662869,48,5,1:28.283,216.245,1
7564,1,21,10,21,15,11,11,11,0.0,58,+7.374,5663158,51,12,1:29.005,214.491,1
7565,1,17,9,14,8,12,12,12,0.0,57,\N,\N,38,8,1:28.508,215.695,11
7566,1,20,9,15,3,13,13,13,0.0,56,\N,\N,8,4,1:28.140,216.596,4
7567,1,9,2,5,4,14,14,14,0.0,55,\N,\N,36,2,1:27.988,216.970,4
7568,1,8,6,4,7,15,15,15,0.0,55,\N,\N,35,7,1:28.488,215.744,24
7569,1,13,6,3,6,\N,R,16,0.0,45,\N,\N,30,15,1:29.141,214.164,22
7570,1,12,4,8,14,\N,R,17,0.0,24,\N,\N,17,19,1:30.502,210.943,20
7571,1,6,3,17,11,\N,R,18,0.0,17,\N,\N,6,18,1:29.923,212.301,3
7572,1,5,1,2,12,\N,R,19,0.0,0,\N,\N,\N,\N,\N,\N,4
7573,1,1,1,1,18,\N,D,20,0.0,58,\N,\N,39,13,1:29.020,214.455,2
7574,2,18,23,22,1,1,1,1,5.0,31,1:10:52.092,4252092,18,1,1:36.641,206.483,1
7575,2,2,2,6,10,2,2,2,4.0,31,+22.722,4274814,17,10,1:39.084,201.392,1
7576,2,10,7,10,3,3,3,3,3.0,31,+23.513,4275605,18,16,1:39.406,200.740,1
7577,2,15,7,9,2,4,4,4,2.5,31,+46.173,4298265,12,3,1:37.591,204.473,1
7578,2,22,23,23,8,5,5,5,2.0,31,+47.360,4299452,17,2,1:37.484,204.698,1
7579,2,17,9,14,5,6,6,6,1.5,31,+52.333,4304425,14,5,1:37.672,204.304,1
7580,2,1,1,1,12,7,7,7,1.0,31,+1:00.733,4312825,17,11,1:39.141,201.276,1
7581,2,3,3,16,4,8,8,8,0.5,31,+1:11.576,4323668,13,4,1:37.598,204.459,1
7582,2,13,6,3,16,9,9,9,0.0,31,+1:16.932,4329024,17,13,1:39.250,201.055,1
7583,2,7,5,11,15,10,10,10,0.0,31,+1:42.164,4354256,17,12,1:39.242,201.072,1
7584,2,4,4,7,9,11,11,11,0.0,31,\N,\N,17,9,1:39.006,201.551,11
7585,2,6,3,17,11,12,12,12,0.0,31,\N,\N,17,15,1:39.387,200.778,11
7586,2,12,4,8,17,13,13,13,0.0,31,\N,\N,18,14,1:39.268,201.019,11
7587,2,8,6,4,7,14,14,14,0.0,31,\N,\N,17,7,1:38.453,202.683,11
7588,2,20,9,15,13,15,15,15,0.0,30,\N,\N,10,6,1:38.427,202.737,20
7589,2,67,5,12,20,16,16,16,0.0,30,\N,\N,16,8,1:38.938,201.689,20
7590,2,16,10,20,19,17,17,17,0.0,30,\N,\N,17,18,1:39.464,200.623,11
7591,2,21,10,21,18,18,18,18,0.0,29,\N,\N,16,17,1:39.407,200.738,20
7592,2,9,2,5,6,\N,R,19,0.0,1,\N,\N,\N,\N,\N,\N,5
7593,2,5,1,2,14,\N,R,20,0.0,0,\N,\N,\N,\N,\N,\N,20
7594,3,20,9,15,1,1,1,1,10.0,56,1:57:43.485,7063485,42,2,1:52.627,174.235,1
7595,3,17,9,14,3,2,2,2,8.0,56,+10.970,7074455,42,4,1:52.980,173.690,1
7596,3,18,23,22,5,3,3,3,6.0,56,+44.975,7108460,44,6,1:53.546,172.825,1
7597,3,22,23,23,4,4,4,4,5.0,56,+1:03.704,7127189,42,1,1:52.592,174.289,1
7598,3,5,1,2,12,5,5,5,4.0,56,+1:05.102,7128587,41,10,1:54.516,171.361,1
7599,3,1,1,1,9,6,6,6,3.0,56,+1:11.866,7135351,39,12,1:54.665,171.138,1
7600,3,10,7,10,19,7,7,7,2.0,56,+1:14.476,7137961,42,3,1:52.703,174.117,1
7601,3,67,5,12,10,8,8,8,1.0,56,+1:16.439,7139924,42,11,1:54.590,171.250,1
7602,3,4,4,7,2,9,9,9,0.0,56,+1:24.309,7147794,38,9,1:54.481,171.413,1
7603,3,8,6,4,8,10,10,10,0.0,56,+1:31.750,7155235,38,15,1:55.396,170.054,1
7604,3,7,5,11,15,11,11,11,0.0,56,+1:34.156,7157641,43,5,1:53.474,172.934,1
7605,3,2,2,6,11,12,12,12,0.0,56,+1:35.834,7159319,40,7,1:54.158,171.898,1
7606,3,9,2,5,17,13,13,13,0.0,56,+1:46.853,7170338,44,14,1:55.350,170.122,1
7607,3,21,10,21,20,14,14,14,0.0,55,\N,\N,37,18,1:56.239,168.821,11
7608,3,3,3,16,7,15,15,15,0.0,55,\N,\N,55,8,1:54.243,171.770,11
7609,3,12,4,8,16,16,16,16,0.0,54,\N,\N,42,16,1:55.535,169.849,12
7610,3,16,10,20,18,17,17,17,0.0,50,\N,\N,41,13,1:54.777,170.971,20
7611,3,6,3,17,14,\N,R,18,0.0,43,\N,\N,38,17,1:56.167,168.925,31
7612,3,13,6,3,13,\N,R,19,0.0,20,\N,\N,16,19,1:56.484,168.466,40
7613,3,15,7,9,6,\N,R,20,0.0,18,\N,\N,14,20,2:00.330,163.081,4
7614,4,18,23,22,4,1,1,1,10.0,57,1:31:48.182,5508182,11,3,1:34.588,205.979,1
7615,4,20,9,15,3,2,2,2,8.0,57,+7.187,5515369,16,4,1:34.756,205.614,1
7616,4,15,7,9,1,3,3,3,6.0,57,+9.170,5517352,10,1,1:34.556,206.049,1
7617,4,1,1,1,5,4,4,4,5.0,57,+22.096,5530278,13,6,1:34.915,205.269,1
7618,4,22,23,23,6,5,5,5,4.0,57,+37.779,5545961,25,5,1:34.901,205.300,1
7619,4,8,6,4,10,6,6,6,3.0,57,+42.057,5550239,42,11,1:35.498,204.016,1
7620,4,10,7,10,2,7,7,7,2.0,57,+42.880,5551062,6,2,1:34.574,206.010,1
7621,4,4,4,7,7,8,8,8,1.0,57,+52.775,5560957,29,14,1:35.722,203.539,1
7622,4,3,3,16,9,9,9,9,0.0,57,+58.198,5566380,37,15,1:35.816,203.339,1
7623,4,12,4,8,15,10,10,10,0.0,57,+1:05.149,5573331,37,10,1:35.441,204.138,1
7624,4,17,9,14,18,11,11,11,0.0,57,+1:07.641,5575823,50,8,1:35.165,204.730,1
7625,4,5,1,2,11,12,12,12,0.0,57,+1:17.824,5586006,54,12,1:35.520,203.969,1
7626,4,7,5,11,20,13,13,13,0.0,57,+1:18.805,5586987,30,9,1:35.410,204.205,1
7627,4,13,6,3,8,14,14,14,0.0,56,\N,\N,41,7,1:35.065,204.946,11
7628,4,21,10,21,17,15,15,15,0.0,56,\N,\N,9,19,1:36.376,202.158,11
7629,4,16,10,20,19,16,16,16,0.0,56,\N,\N,28,18,1:36.219,202.488,11
7630,4,67,5,12,16,17,17,17,0.0,56,\N,\N,38,20,1:36.473,201.954,11
7631,4,9,2,5,13,18,18,18,0.0,56,\N,\N,50,13,1:35.706,203.573,11
7632,4,2,2,6,14,19,19,19,0.0,56,\N,\N,52,16,1:35.924,203.110,11
7633,4,6,3,17,12,\N,R,20,0.0,48,\N,\N,39,17,1:36.153,202.627,51
7634,5,18,23,22,1,1,1,1,10.0,66,1:37:19.202,5839202,17,2,1:22.899,202.149,1
7635,5,22,23,23,3,2,2,2,8.0,66,+13.056,5852258,28,1,1:22.762,202.484,1
7636,5,17,9,14,5,3,3,3,6.0,66,+13.924,5853126,18,5,1:23.112,201.631,1
7637,5,20,9,15,2,4,4,4,5.0,66,+18.941,5858143,41,4,1:23.090,201.684,1
7638,5,4,4,7,8,5,5,5,4.0,66,+43.166,5882368,14,6,1:23.420,200.887,1
7639,5,13,6,3,4,6,6,6,3.0,66,+50.827,5890029,14,3,1:23.089,201.687,1
7640,5,2,2,6,13,7,7,7,2.0,66,+52.312,5891514,29,10,1:23.878,199.790,1
7641,5,3,3,16,9,8,8,8,1.0,66,+1:05.211,5904413,24,7,1:23.621,200.404,1
7642,5,1,1,1,14,9,9,9,0.0,65,\N,\N,29,9,1:23.839,199.883,11
7643,5,10,7,10,6,10,10,10,0.0,65,\N,\N,44,12,1:24.134,199.182,11
7644,5,9,2,5,10,11,11,11,0.0,65,\N,\N,26,11,1:24.078,199.314,11
7645,5,12,4,8,12,12,12,12,0.0,65,\N,\N,41,14,1:24.286,198.823,11
7646,5,6,3,17,11,13,13,13,0.0,65,\N,\N,38,13,1:24.155,199.132,11
7647,5,21,10,21,20,14,14,14,0.0,65,\N,\N,63,8,1:23.796,199.985,11
7648,5,8,6,4,16,\N,R,15,0.0,17,\N,\N,16,15,1:24.490,198.342,9
7649,5,5,1,2,18,\N,R,16,0.0,7,\N,\N,6,16,1:28.719,188.888,6
7650,5,15,7,9,7,\N,R,17,0.0,0,\N,\N,\N,\N,\N,\N,4
7651,5,67,5,12,15,\N,R,18,0.0,0,\N,\N,\N,\N,\N,\N,4
7652,5,7,5,11,17,\N,R,19,0.0,0,\N,\N,\N,\N,\N,\N,4
7653,5,16,10,20,19,\N,R,20,0.0,0,\N,\N,\N,\N,\N,\N,4
7654,6,18,23,22,1,1,1,1,10.0,78,1:40:44.282,6044282,49,2,1:15.190,159.914,1
7655,6,22,23,23,3,2,2,2,8.0,78,+7.666,6051948,46,7,1:15.685,158.868,1
7656,6,8,6,4,2,3,3,3,6.0,78,+13.442,6057724,47,5,1:15.382,159.507,1
7657,6,13,6,3,5,4,4,4,5.0,78,+15.110,6059392,50,1,1:15.154,159.991,1
7658,6,17,9,14,8,5,5,5,4.0,78,+15.730,6060012,45,3,1:15.321,159.636,1
7659,6,3,3,16,6,6,6,6,3.0,78,+33.586,6077868,48,9,1:15.772,158.686,1
7660,6,4,4,7,9,7,7,7,2.0,78,+37.839,6082121,64,4,1:15.371,159.530,1
7661,6,7,5,11,14,8,8,8,1.0,78,+1:03.142,6107424,47,13,1:16.178,157.840,1
7662,6,21,10,21,13,9,9,9,0.0,78,+1:05.040,6109322,74,16,1:16.419,157.343,1
7663,6,10,7,10,20,10,10,10,0.0,77,\N,\N,72,12,1:16.066,158.073,11
7664,6,2,2,6,16,11,11,11,0.0,77,\N,\N,49,15,1:16.268,157.654,11
7665,6,1,1,1,19,12,12,12,0.0,77,\N,\N,65,8,1:15.706,158.824,11
7666,6,15,7,9,18,13,13,13,0.0,77,\N,\N,57,11,1:16.011,158.187,11
7667,6,16,10,20,15,14,14,14,0.0,77,\N,\N,66,14,1:16.245,157.702,11
7668,6,6,3,17,10,15,15,15,0.0,76,\N,\N,73,10,1:15.792,158.644,3
7669,6,5,1,2,7,\N,R,16,0.0,51,\N,\N,48,6,1:15.672,158.896,3
7670,6,9,2,5,17,\N,R,17,0.0,28,\N,\N,25,17,1:17.558,155.032,23
7671,6,20,9,15,4,\N,R,18,0.0,15,\N,\N,15,18,1:17.634,154.880,3
7672,6,12,4,8,12,\N,R,19,0.0,10,\N,\N,7,19,1:18.514,153.144,4
7673,6,67,5,12,11,\N,R,20,0.0,10,\N,\N,7,20,1:18.582,153.012,4
7674,7,18,23,22,2,1,1,1,10.0,58,1:26:24.848,5184848,40,1,1:27.579,219.422,1
7675,7,17,9,14,4,2,2,2,8.0,58,+6.714,5191562,42,3,1:27.809,218.847,1
7676,7,20,9,15,1,3,3,3,6.0,58,+7.461,5192309,51,2,1:27.622,219.314,1
7677,7,15,7,9,5,4,4,4,5.0,58,+27.843,5212691,40,4,1:27.868,218.700,1
7678,7,3,3,16,9,5,5,5,4.0,58,+31.539,5216387,36,11,1:28.222,217.823,1
7679,7,13,6,3,7,6,6,6,3.0,58,+39.996,5224844,41,9,1:28.176,217.936,1
7680,7,9,2,5,10,7,7,7,2.0,58,+46.247,5231095,58,7,1:28.008,218.352,1
7681,7,10,7,10,13,8,8,8,1.0,58,+46.959,5231807,56,5,1:27.883,218.663,1
7682,7,8,6,4,6,9,9,9,0.0,58,+50.246,5235094,58,8,1:28.061,218.221,1
7683,7,4,4,7,8,10,10,10,0.0,58,+1:02.420,5247268,57,13,1:28.389,217.411,1
7684,7,2,2,6,11,11,11,11,0.0,58,+1:04.327,5249175,43,10,1:28.214,217.842,1
7685,7,6,3,17,12,12,12,12,0.0,58,+1:06.376,5251224,58,6,1:27.988,218.402,1
7686,7,1,1,1,16,13,13,13,0.0,58,+1:20.454,5265302,53,15,1:28.562,216.986,1
7687,7,5,1,2,14,14,14,14,0.0,57,\N,\N,41,18,1:29.174,215.497,11
7688,7,67,5,12,18,15,15,15,0.0,57,\N,\N,57,16,1:28.624,216.835,11
7689,7,12,4,8,17,16,16,16,0.0,57,\N,\N,45,12,1:28.340,217.532,11
7690,7,16,10,20,15,17,17,17,0.0,57,\N,\N,55,19,1:29.192,215.454,11
7691,7,7,5,11,20,18,18,18,0.0,57,\N,\N,53,17,1:29.022,215.865,11
7692,7,22,23,23,3,\N,R,19,0.0,47,\N,\N,37,14,1:28.526,217.075,6
7693,7,21,10,21,19,\N,R,20,0.0,4,\N,\N,3,20,1:34.070,204.281,23
7694,8,20,9,15,1,1,1,1,10.0,60,1:22:49.328,4969328,16,1,1:20.735,229.238,1
7695,8,17,9,14,3,2,2,2,8.0,60,+15.188,4984516,57,2,1:20.915,228.728,1
7696,8,22,23,23,2,3,3,3,6.0,60,+41.175,5010503,18,5,1:21.429,227.285,1
7697,8,13,6,3,11,4,4,4,5.0,60,+45.043,5014371,22,6,1:21.509,227.062,1
7698,8,3,3,16,7,5,5,5,4.0,60,+45.915,5015243,17,3,1:21.054,228.336,1
7699,8,18,23,22,6,6,6,6,3.0,60,+46.285,5015613,54,4,1:21.189,227.956,1
7700,8,15,7,9,4,7,7,7,2.0,60,+1:08.307,5037635,17,9,1:21.806,226.237,1
7701,8,8,6,4,9,8,8,8,1.0,60,+1:09.622,5038950,14,7,1:21.656,226.653,1
7702,8,10,7,10,8,9,9,9,0.0,60,+1:09.823,5039151,51,8,1:21.671,226.611,1
7703,8,21,10,21,16,10,10,10,0.0,60,+1:11.522,5040850,20,10,1:21.810,226.226,1
7704,8,6,3,17,5,11,11,11,0.0,60,+1:14.023,5043351,14,11,1:21.845,226.129,1
7705,8,12,4,8,14,12,12,12,0.0,59,\N,\N,25,17,1:22.505,224.320,11
7706,8,9,2,5,12,13,13,13,0.0,59,\N,\N,41,14,1:22.182,225.202,11
7707,8,4,4,7,10,14,14,14,0.0,59,\N,\N,36,12,1:21.852,226.110,11
7708,8,2,2,6,15,15,15,15,0.0,59,\N,\N,59,13,1:21.956,225.823,11
7709,8,1,1,1,18,16,16,16,0.0,59,\N,\N,24,18,1:22.576,224.128,11
7710,8,16,10,20,20,17,17,17,0.0,59,\N,\N,50,20,1:23.475,221.714,11
7711,8,67,5,12,19,18,18,18,0.0,59,\N,\N,24,19,1:22.711,223.762,11
7712,8,7,5,11,17,\N,R,19,0.0,37,\N,\N,26,16,1:22.466,224.427,4
7713,8,5,1,2,13,\N,R,20,0.0,36,\N,\N,32,15,1:22.418,224.557,4
7714,9,17,9,14,1,1,1,1,10.0,60,1:36:43.310,5803310,37,3,1:34.003,197.151,1
7715,9,20,9,15,4,2,2,2,8.0,60,+9.252,5812562,42,4,1:34.089,196.970,1
7716,9,13,6,3,8,3,3,3,6.0,60,+15.906,5819216,53,8,1:34.458,196.201,1
7717,9,3,3,16,15,4,4,4,5.0,60,+21.099,5824409,50,7,1:34.403,196.315,1
7718,9,18,23,22,3,5,5,5,4.0,60,+23.609,5826919,53,6,1:34.252,196.630,1
7719,9,22,23,23,2,6,6,6,3.0,60,+24.468,5827778,54,11,1:34.676,195.749,1
7720,9,4,4,7,12,7,7,7,2.0,60,+24.888,5828198,49,1,1:33.365,198.498,1
7721,9,5,1,2,6,8,8,8,1.0,60,+58.692,5862002,59,17,1:35.524,194.011,1
7722,9,10,7,10,20,9,9,9,0.0,60,+1:01.457,5864767,40,16,1:35.369,194.327,1
7723,9,2,2,6,11,10,10,10,0.0,60,+1:01.925,5865235,42,10,1:34.559,195.991,1
7724,9,21,10,21,18,11,11,11,0.0,60,+1:02.327,5865637,54,13,1:35.301,194.465,1
7725,9,6,3,17,13,12,12,12,0.0,60,+1:02.876,5866186,49,5,1:34.238,196.659,1
7726,9,12,4,8,10,13,13,13,0.0,60,+1:08.328,5871638,46,12,1:34.876,195.337,1
7727,9,9,2,5,16,14,14,14,0.0,60,+1:09.555,5872865,47,9,1:34.537,196.037,1
7728,9,16,10,20,7,15,15,15,0.0,60,+1:11.941,5875251,43,14,1:35.366,194.333,1
7729,9,67,5,12,17,16,16,16,0.0,60,+1:30.225,5893535,24,19,1:36.279,192.490,1
7730,9,15,7,9,14,17,17,17,0.0,60,+1:30.970,5894280,52,2,1:33.654,197.885,1
7731,9,1,1,1,5,18,18,18,0.0,59,\N,\N,46,15,1:35.367,194.331,11
7732,9,8,6,4,9,\N,R,19,0.0,34,\N,\N,4,18,1:36.080,192.889,5
7733,9,7,5,11,19,\N,R,20,0.0,18,\N,\N,10,20,1:37.498,190.083,9
7734,10,1,1,1,4,1,1,1,10.0,70,1:38:23.876,5903876,16,4,1:22.479,191.219,1
7735,10,8,6,4,7,2,2,2,8.0,70,+11.529,5915405,70,2,1:22.434,191.323,1
7736,10,17,9,14,3,3,3,3,6.0,70,+16.886,5920762,65,1,1:21.931,192.498,1
7737,10,3,3,16,5,4,4,4,5.0,70,+26.967,5930843,65,3,1:22.468,191.245,1
7738,10,5,1,2,6,5,5,5,4.0,70,+34.392,5938268,63,8,1:22.958,190.115,1
7739,10,10,7,10,13,6,6,6,3.0,70,+35.237,5939113,63,5,1:22.506,191.157,1
7740,10,18,23,22,8,7,7,7,2.0,70,+55.088,5958964,57,6,1:22.706,190.694,1
7741,10,15,7,9,11,8,8,8,1.0,70,+1:08.172,5972048,65,13,1:23.261,189.423,1
7742,10,6,3,17,9,9,9,9,0.0,70,+1:08.774,5972650,55,11,1:23.180,189.608,1
7743,10,22,23,23,12,10,10,10,0.0,70,+1:09.256,5973132,55,9,1:23.024,189.964,1
7744,10,2,2,6,15,11,11,11,0.0,70,+1:10.612,5974488,65,14,1:23.282,189.375,1
7745,10,12,4,8,14,12,12,12,0.0,70,+1:11.512,5975388,65,15,1:23.418,189.067,1
7746,10,9,2,5,18,13,13,13,0.0,70,+1:14.046,5977922,65,12,1:23.224,189.507,1
7747,10,21,10,21,16,14,14,14,0.0,69,\N,\N,40,10,1:23.174,189.621,11
7748,10,153,5,11,19,15,15,15,0.0,69,\N,\N,69,16,1:23.444,189.008,11
7749,10,67,5,12,10,16,16,16,0.0,69,\N,\N,69,7,1:22.955,190.122,11
7750,10,20,9,15,2,\N,R,17,0.0,29,\N,\N,18,17,1:23.457,188.978,22
7751,10,4,4,7,1,\N,R,18,0.0,15,\N,\N,4,18,1:23.529,188.815,36
7752,10,16,10,20,17,\N,R,19,0.0,1,\N,\N,\N,\N,\N,\N,25
7753,10,13,6,3,0,\N,W,20,0.0,0,\N,\N,\N,\N,\N,\N,54
7754,11,22,23,23,3,1,1,1,10.0,57,1:35:51.289,5751289,39,3,1:38.990,197.074,1
7755,11,1,1,1,1,2,2,2,8.0,57,+2.358,5753647,57,4,1:39.056,196.943,1
7756,11,8,6,4,6,3,3,3,6.0,57,+15.994,5767283,39,5,1:39.207,196.643,1
7757,11,5,1,2,2,4,4,4,5.0,57,+20.032,5771321,56,7,1:39.341,196.378,1
7758,11,3,3,16,7,5,5,5,4.0,57,+20.870,5772159,52,6,1:39.329,196.401,1
7759,11,4,4,7,8,6,6,6,3.0,57,+27.744,5779033,46,10,1:39.494,196.076,1
7760,11,18,23,22,5,7,7,7,2.0,57,+34.913,5786202,46,2,1:38.874,197.305,1
7761,11,9,2,5,10,8,8,8,1.0,57,+36.667,5787956,55,8,1:39.374,196.312,1
7762,11,17,9,14,9,9,9,9,0.0,57,+44.910,5796199,50,11,1:39.528,196.009,1
7763,11,16,10,20,12,10,10,10,0.0,57,+47.935,5799224,36,12,1:39.622,195.824,1
7764,11,2,2,6,11,11,11,11,0.0,57,+48.822,5800111,53,13,1:39.704,195.663,1
7765,11,21,10,21,16,12,12,12,0.0,57,+1:03.614,5814903,53,17,1:40.111,194.867,1
7766,11,15,7,9,18,13,13,13,0.0,57,+1:04.527,5815816,52,15,1:39.941,195.199,1
7767,11,10,7,10,13,14,14,14,0.0,57,+1:26.519,5837808,55,1,1:38.683,197.687,1
7768,11,154,4,8,14,15,15,15,0.0,57,+1:31.774,5843063,41,9,1:39.428,196.206,1
7769,11,153,5,11,19,16,16,16,0.0,56,\N,\N,29,19,1:40.935,193.276,11
7770,11,69,6,3,20,17,17,17,0.0,56,\N,\N,52,18,1:40.590,193.939,11
7771,11,6,3,17,17,18,18,18,0.0,54,\N,\N,53,14,1:39.747,195.578,13
7772,11,67,5,12,15,\N,R,19,0.0,41,\N,\N,37,20,1:41.042,193.072,23
7773,11,20,9,15,4,\N,R,20,0.0,23,\N,\N,13,16,1:39.992,195.099,5
7774,12,8,6,4,6,1,1,1,10.0,44,1:23:50.995,5030995,42,4,1:47.674,234.173,1
7775,12,21,10,21,1,2,2,2,8.0,44,+0.939,5031934,43,6,1:47.737,234.036,1
7776,12,20,9,15,8,3,3,3,6.0,44,+3.875,5034870,38,1,1:47.263,235.070,1
7777,12,9,2,5,5,4,4,4,5.0,44,+9.966,5040961,41,3,1:47.664,234.195,1
7778,12,2,2,6,3,5,5,5,4.0,44,+11.276,5042271,35,2,1:47.371,234.834,1
7779,12,5,1,2,15,6,6,6,3.0,44,+32.763,5063758,24,13,1:48.348,232.716,1
7780,12,22,23,23,4,7,7,7,2.0,44,+35.461,5066456,37,12,1:48.257,232.912,1
7781,12,3,3,16,10,8,8,8,1.0,44,+36.208,5067203,41,8,1:47.766,233.973,1
7782,12,17,9,14,9,9,9,9,0.0,44,+36.959,5067954,39,9,1:47.783,233.936,1
7783,12,10,7,10,7,10,10,10,0.0,44,+41.490,5072485,40,5,1:47.736,234.038,1
7784,12,16,10,20,11,11,11,11,0.0,44,+42.636,5073631,42,10,1:47.859,233.771,1
7785,12,67,5,12,16,12,12,12,0.0,44,+46.106,5077101,42,7,1:47.763,233.980,1
7786,12,6,3,17,18,13,13,13,0.0,44,+54.241,5085236,42,11,1:48.205,233.024,1
7787,12,69,6,3,20,14,14,14,0.0,44,+1:42.177,5133172,41,15,1:49.803,229.633,1
7788,12,4,4,7,13,\N,R,15,0.0,26,\N,\N,23,14,1:48.634,232.104,31
7789,12,15,7,9,2,\N,R,16,0.0,21,\N,\N,16,16,1:50.029,229.161,23
7790,12,18,23,22,14,\N,R,17,0.0,0,\N,\N,\N,\N,\N,\N,4
7791,12,154,4,8,19,\N,R,18,0.0,0,\N,\N,\N,\N,\N,\N,4
7792,12,1,1,1,12,\N,R,19,0.0,0,\N,\N,\N,\N,\N,\N,4
7793,12,153,5,11,17,\N,R,20,0.0,0,\N,\N,\N,\N,\N,\N,4
7794,13,22,23,23,5,1,1,1,10.0,53,1:16:21.706,4581706,48,5,1:24.967,245.445,1
7795,13,18,23,22,6,2,2,2,8.0,53,+2.866,4584572,46,4,1:24.935,245.538,1
7796,13,8,6,4,3,3,3,3,6.0,53,+30.664,4612370,36,2,1:24.761,246.042,1
7797,13,16,10,20,2,4,4,4,5.0,53,+31.131,4612837,36,1,1:24.739,246.106,1
7798,13,4,4,7,8,5,5,5,4.0,53,+59.182,4640888,50,8,1:25.199,244.777,1
7799,13,5,1,2,4,6,6,6,3.0,53,+1:00.693,4642399,51,6,1:25.109,245.036,1
7800,13,2,2,6,15,7,7,7,2.0,53,+1:22.412,4664118,30,9,1:25.488,243.950,1
7801,13,20,9,15,9,8,8,8,1.0,53,+1:25.407,4667113,50,7,1:25.194,244.791,1
7802,13,21,6,3,14,9,9,9,0.0,53,+1:26.856,4668562,28,10,1:25.498,243.921,1
7803,13,6,3,17,17,10,10,10,0.0,53,+2:42.163,4743869,51,16,1:25.976,242.565,1
7804,13,10,7,10,16,11,11,11,0.0,53,+2:43.925,4745631,50,14,1:25.751,243.201,1
7805,13,1,1,1,1,12,12,12,0.0,52,\N,\N,52,3,1:24.802,245.923,3
7806,13,67,5,12,19,13,13,13,0.0,52,\N,\N,50,11,1:25.564,243.733,11
7807,13,15,7,9,11,14,14,14,0.0,52,\N,\N,49,13,1:25.700,243.346,11
7808,13,154,4,8,12,15,15,15,0.0,52,\N,\N,51,12,1:25.609,243.605,11
7809,13,3,3,16,18,16,16,16,0.0,51,\N,\N,50,15,1:25.901,242.777,12
7810,13,24,10,21,7,\N,R,17,0.0,22,\N,\N,22,17,1:26.041,242.382,7
7811,13,153,5,11,20,\N,R,18,0.0,19,\N,\N,17,19,1:27.846,237.401,31
7812,13,9,2,5,13,\N,R,19,0.0,15,\N,\N,12,18,1:27.819,237.474,44
7813,13,17,9,14,10,\N,R,20,0.0,0,\N,\N,\N,\N,\N,\N,4
7814,14,1,1,1,1,1,1,1,10.0,61,1:56:06.337,6966337,36,2,1:48.345,168.561,1
7815,14,10,7,10,6,2,2,2,8.0,61,+9.634,6975971,34,6,1:48.396,168.482,1
7816,14,4,4,7,5,3,3,3,6.0,61,+16.624,6982961,53,1,1:48.240,168.725,1
7817,14,20,9,15,2,4,4,4,5.0,61,+20.621,6986958,10,7,1:48.398,168.479,1
7818,14,18,23,22,11,5,5,5,4.0,61,+30.015,6996352,54,4,1:48.369,168.524,1
7819,14,22,23,23,9,6,6,6,3.0,61,+31.858,6998195,50,8,1:48.598,168.168,1
7820,14,5,1,2,8,7,7,7,2.0,61,+36.157,7002494,36,11,1:49.283,167.114,1
7821,14,9,2,5,7,8,8,8,1.0,61,+55.054,7021391,44,10,1:48.847,167.784,1
7822,14,6,3,17,10,9,9,9,0.0,61,+56.054,7022391,45,13,1:49.371,166.980,1
7823,14,8,6,4,12,10,10,10,0.0,61,+58.892,7025229,54,5,1:48.391,168.490,1
7824,14,3,3,16,3,11,11,11,0.0,61,+59.777,7026114,9,3,1:48.352,168.550,1
7825,14,15,7,9,14,12,12,12,0.0,61,+1:13.009,7039346,54,9,1:48.816,167.831,1
7826,14,21,6,3,17,13,13,13,0.0,61,+1:19.890,7046227,49,14,1:49.417,166.910,1
7827,14,24,10,21,19,14,14,14,0.0,61,+1:33.502,7059839,48,15,1:49.852,166.249,1
7828,14,153,5,11,16,\N,R,15,0.0,47,\N,\N,32,18,1:52.483,162.360,23
7829,14,67,5,12,13,\N,R,16,0.0,47,\N,\N,17,16,1:50.636,165.071,6
7830,14,17,9,14,4,\N,R,17,0.0,45,\N,\N,35,12,1:49.319,167.059,23
7831,14,16,10,20,15,\N,R,18,0.0,23,\N,\N,15,19,1:52.623,162.158,4
7832,14,2,2,6,20,\N,R,19,0.0,19,\N,\N,18,17,1:51.346,164.018,4
7833,14,154,4,8,18,\N,R,20,0.0,3,\N,\N,2,20,1:57.192,155.836,23
7834,15,20,9,15,1,1,1,1,10.0,53,1:28:20.443,5300443,43,2,1:32.572,225.826,1
7835,15,15,7,9,2,2,2,2,8.0,53,+4.877,5305320,38,4,1:33.152,224.420,1
7836,15,1,1,1,3,3,3,3,6.0,53,+6.472,5306915,13,6,1:33.259,224.162,1
7837,15,8,6,4,5,4,4,4,5.0,53,+7.940,5308383,33,3,1:32.999,224.789,1
7838,15,3,3,16,7,5,5,5,4.0,53,+8.793,5309236,43,9,1:33.595,223.358,1
7839,15,2,2,6,4,6,6,6,3.0,53,+9.509,5309952,13,10,1:33.600,223.346,1
7840,15,22,23,23,6,7,7,7,2.0,53,+10.641,5311084,17,13,1:33.910,222.608,1
7841,15,18,23,22,10,8,8,8,1.0,53,+11.474,5311917,42,5,1:33.251,224.182,1
7842,15,9,2,5,9,9,9,9,0.0,53,+11.777,5312220,44,7,1:33.334,223.982,1
7843,15,4,4,7,16,10,10,10,0.0,53,+13.065,5313508,28,14,1:33.946,222.523,1
7844,15,5,1,2,11,11,11,11,0.0,53,+13.735,5314178,35,12,1:33.801,222.867,1
7845,15,21,6,3,14,12,12,12,0.0,53,+14.596,5315039,33,8,1:33.479,223.635,1
7846,15,16,10,20,8,13,13,13,0.0,53,+14.959,5315402,36,11,1:33.668,223.184,1
7847,15,24,10,21,18,14,14,14,0.0,53,+15.734,5316177,36,16,1:34.294,221.702,1
7848,15,6,3,17,15,15,15,15,0.0,53,+17.973,5318416,26,18,1:34.783,220.558,1
7849,15,154,4,8,17,16,16,16,0.0,52,\N,\N,39,17,1:34.643,220.884,11
7850,15,17,9,14,19,17,17,17,0.0,51,\N,\N,50,1,1:32.569,225.833,12
7851,15,153,5,11,12,\N,R,18,0.0,43,\N,\N,34,15,1:34.049,222.279,3
7852,15,67,5,12,13,\N,R,19,0.0,11,\N,\N,5,19,1:35.392,219.150,8
7853,15,10,7,10,20,\N,W,20,0.0,0,\N,\N,\N,\N,\N,\N,73
7854,16,17,9,14,2,1,1,1,10.0,71,1:32:23.081,5543081,25,1,1:13.733,210.386,1
7855,16,9,2,5,8,2,2,2,8.0,71,+7.626,5550707,38,4,1:14.155,209.188,1
7856,16,1,1,1,17,3,3,3,6.0,71,+18.944,5562025,59,6,1:14.345,208.654,1
7857,16,20,9,15,15,4,4,4,5.0,71,+19.652,5562733,59,2,1:13.890,209.939,1
7858,16,18,23,22,14,5,5,5,4.0,71,+29.005,5572086,46,7,1:14.353,208.631,1
7859,16,8,6,4,5,6,6,6,3.0,71,+33.340,5576421,47,9,1:14.558,208.058,1
7860,16,67,5,12,6,7,7,7,2.0,71,+35.991,5579072,58,10,1:14.563,208.044,1
7861,16,22,23,23,1,8,8,8,1.0,71,+45.454,5588535,20,3,1:13.950,209.768,1
7862,16,5,1,2,16,9,9,9,0.0,71,+48.499,5591580,68,5,1:14.303,208.772,1
7863,16,155,7,10,11,10,10,10,0.0,71,+1:03.324,5606405,71,11,1:14.676,207.729,1
7864,16,21,6,3,19,11,11,11,0.0,71,+1:10.665,5613746,55,14,1:14.931,207.022,1
7865,16,24,10,21,20,12,12,12,0.0,71,+1:11.388,5614469,43,16,1:14.990,206.859,1
7866,16,154,4,8,13,13,13,13,0.0,70,\N,\N,54,12,1:14.789,207.415,11
7867,16,153,5,11,12,14,14,14,0.0,70,\N,\N,59,13,1:14.861,207.216,11
7868,16,6,3,17,9,\N,R,15,0.0,30,\N,\N,21,17,1:15.073,206.630,3
7869,16,3,3,16,7,\N,R,16,0.0,27,\N,\N,16,8,1:14.370,208.584,6
7870,16,2,2,6,18,\N,R,17,0.0,21,\N,\N,19,15,1:14.988,206.865,60
7871,16,16,10,20,3,\N,R,18,0.0,0,\N,\N,\N,\N,\N,\N,3
7872,16,15,7,9,4,\N,R,19,0.0,0,\N,\N,\N,\N,\N,\N,3
7873,16,4,4,7,10,\N,R,20,0.0,0,\N,\N,\N,\N,\N,\N,3
16067,17,20,9,15,2,1,1,1,10.0,55,1:34:03.414,5643414,54,1,1:40.279,199.387,1
16068,17,17,9,14,3,2,2,2,8.0,55,+17.857,5661271,14,5,1:40.571,198.808,1
16069,17,18,23,22,5,3,3,3,6.0,55,+18.467,5661881,49,6,1:40.642,198.668,1
16070,17,22,23,23,4,4,4,4,5.0,55,+22.735,5666149,54,4,1:40.449,199.050,1
16071,17,2,2,6,8,5,5,5,4.0,55,+26.253,5669667,54,7,1:40.672,198.609,1
16072,17,155,7,10,12,6,6,6,3.0,55,+28.343,5671757,55,11,1:40.779,198.398,1
16073,17,15,7,9,6,7,7,7,2.0,55,+34.366,5677780,49,8,1:40.723,198.508,1
16074,17,67,5,12,10,8,8,8,1.0,55,+41.294,5684708,55,2,1:40.326,199.294,1
16075,17,3,3,16,9,9,9,9,0.0,55,+45.941,5689355,49,15,1:40.997,197.970,1
16076,17,9,2,5,7,10,10,10,0.0,55,+48.180,5691594,54,14,1:40.924,198.113,1
16077,17,5,1,2,18,11,11,11,0.0,55,+52.798,5696212,53,18,1:41.316,197.346,1
16078,17,8,6,4,11,12,12,12,0.0,55,+54.317,5697731,54,12,1:40.843,198.272,1
16079,17,6,3,17,13,13,13,13,0.0,55,+59.839,5703253,54,9,1:40.754,198.447,1
16080,17,4,4,7,15,14,14,14,0.0,55,+1:09.687,5713101,54,10,1:40.757,198.441,1
16081,17,24,10,21,16,15,15,15,0.0,55,+1:34.450,5737864,54,17,1:41.277,197.422,1
16082,17,21,6,3,20,16,16,16,0.0,54,\N,\N,54,16,1:41.132,197.705,11
16083,17,16,10,20,17,17,17,17,0.0,54,\N,\N,34,13,1:40.904,198.152,11
16084,17,154,4,8,19,18,18,18,0.0,54,\N,\N,47,19,1:42.274,195.498,11
16085,17,1,1,1,1,\N,R,19,0.0,20,\N,\N,16,3,1:40.367,199.212,23
16086,17,153,5,11,14,\N,R,20,0.0,18,\N,\N,16,20,1:43.318,193.522,6
24626,1031,822,131,77,1,1,1,1,25.0,71,1:30:55.739,5455739,68,2,1:07.657,229.758,1
24627,1031,844,6,16,7,2,2,2,18.0,71,+2.700,5458439,64,4,1:07.901,228.933,1
24628,1031,846,1,4,3,3,3,3,16.0,71,+5.491,5461230,71,1,1:07.475,230.378,1
24629,1031,1,131,44,5,4,4,4,12.0,71,+5.689,5461428,67,3,1:07.712,229.572,1
24630,1031,832,1,55,8,5,5,5,10.0,71,+8.903,5464642,63,5,1:07.974,228.687,1
24631,1031,815,211,11,6,6,6,6,8.0,71,+15.092,5470831,63,6,1:08.305,227.579,1
24632,1031,842,213,10,12,7,7,7,6.0,71,+16.682,5472421,64,11,1:09.025,225.205,1
24633,1031,839,4,31,14,8,8,8,4.0,71,+17.456,5473195,64,10,1:08.932,225.509,1
24634,1031,841,51,99,18,9,9,9,2.0,71,+21.146,5476885,70,9,1:08.796,225.954,1
24635,1031,20,6,5,11,10,10,10,1.0,71,+24.545,5480284,71,8,1:08.623,226.524,1
24636,1031,849,3,6,20,11,11,11,0.0,71,+31.650,5487389,63,16,1:09.662,223.146,1
24637,1031,826,213,26,13,12,12,12,0.0,69,\N,\N,50,13,1:09.135,224.847,22
24638,1031,848,9,23,4,13,13,13,0.0,67,\N,\N,50,7,1:08.432,227.156,40
24639,1031,8,51,7,19,\N,R,14,0.0,53,\N,\N,48,12,1:09.031,225.185,36
24640,1031,847,3,63,17,\N,R,15,0.0,49,\N,\N,49,14,1:09.317,224.256,32
24641,1031,154,210,8,15,\N,R,16,0.0,49,\N,\N,46,17,1:10.228,221.347,23
24642,1031,825,210,20,16,\N,R,17,0.0,24,\N,\N,23,20,1:10.720,219.807,23
24643,1031,840,211,18,9,\N,R,18,0.0,20,\N,\N,4,18,1:10.326,221.039,5
24644,1031,817,4,3,10,\N,R,19,0.0,17,\N,\N,8,19,1:10.610,220.150,25
24645,1031,830,9,33,2,\N,R,20,0.0,11,\N,\N,5,15,1:09.351,224.146,40
24646,1032,1,131,44,1,1,1,1,25.0,71,1:22:50.683,4970683,68,3,1:06.719,232.989,1
24647,1032,822,131,77,4,2,2,2,18.0,71,+13.719,4984402,62,7,1:07.534,230.177,1
24648,1032,830,9,33,2,3,3,3,15.0,71,+33.698,5004381,70,2,1:06.145,235.010,1
24649,1032,848,9,23,6,4,4,4,12.0,71,+44.400,5015083,67,6,1:07.299,230.981,1
24650,1032,846,1,4,9,5,5,5,10.0,71,+1:01.470,5032153,66,5,1:07.193,231.345,1
24651,1032,815,211,11,17,6,6,6,8.0,71,+1:02.387,5033070,68,4,1:07.188,231.362,1
24652,1032,840,211,18,12,7,7,7,6.0,71,+1:02.453,5033136,65,10,1:07.833,229.162,1
24653,1032,817,4,3,8,8,8,8,4.0,71,+1:02.591,5033274,65,9,1:07.832,229.166,1
24654,1032,832,1,55,3,9,9,9,3.0,70,\N,\N,68,1,1:05.619,236.894,11
24655,1032,826,213,26,13,10,10,10,1.0,70,\N,\N,60,13,1:08.378,227.336,11
24656,1032,8,51,7,16,11,11,11,0.0,70,\N,\N,57,14,1:08.382,227.322,11
24657,1032,825,210,20,15,12,12,12,0.0,70,\N,\N,69,11,1:08.009,228.569,11
24658,1032,154,210,8,0,13,13,13,0.0,70,\N,\N,69,12,1:08.047,228.442,11
24659,1032,841,51,99,19,14,14,14,0.0,70,\N,\N,54,15,1:08.512,226.891,11
24660,1032,842,213,10,7,15,15,15,0.0,70,\N,\N,69,8,1:07.827,229.183,11
24661,1032,847,3,63,11,16,16,16,0.0,69,\N,\N,36,16,1:08.601,226.597,12
24662,1032,849,3,6,18,17,17,17,0.0,69,\N,\N,68,17,1:08.806,225.922,12
24663,1032,839,4,31,5,\N,R,18,0.0,25,\N,\N,22,18,1:09.321,224.243,25
24664,1032,844,6,16,14,\N,R,19,0.0,4,\N,\N,3,19,1:35.379,162.979,130
24665,1032,20,6,5,10,\N,R,20,0.0,1,\N,\N,\N,0,\N,\N,130
24666,1033,1,131,44,1,1,1,1,26.0,70,1:36:12.473,5772473,70,1,1:16.627,205.823,1
24667,1033,830,9,33,7,2,2,2,18.0,70,+8.702,5781175,60,4,1:19.184,199.176,1
24668,1033,822,131,77,2,3,3,3,15.0,70,+9.452,5781925,66,2,1:17.665,203.072,1
24669,1033,840,211,18,3,4,4,4,12.0,70,+57.579,5830052,68,3,1:18.973,199.708,1
24670,1033,848,9,23,13,5,5,5,10.0,70,+1:18.316,5850789,68,5,1:19.440,198.534,1
24671,1033,20,6,5,5,6,6,6,8.0,69,\N,\N,49,14,1:20.363,196.254,11
24672,1033,815,211,11,4,7,7,7,6.0,69,\N,\N,39,10,1:20.090,196.923,11
24673,1033,817,4,3,11,8,8,8,4.0,69,\N,\N,46,7,1:19.532,198.305,11
24674,1033,832,1,55,9,9,9,9,2.0,69,\N,\N,68,15,1:20.477,195.976,11
24675,1033,825,210,20,0,10,10,10,1.0,69,\N,\N,67,6,1:19.457,198.492,11
24676,1033,844,6,16,6,11,11,11,0.0,69,\N,\N,64,16,1:20.821,195.142,11
24677,1033,826,213,26,17,12,12,12,0.0,69,\N,\N,51,18,1:20.946,194.841,11
24678,1033,846,1,4,8,13,13,13,0.0,69,\N,\N,42,8,1:19.945,197.280,11
24679,1033,839,4,31,14,14,14,14,0.0,69,\N,\N,40,13,1:20.261,196.503,11
24680,1033,8,51,7,20,15,15,15,0.0,69,\N,\N,67,17,1:20.889,194.978,11
24681,1033,154,210,8,0,16,16,16,0.0,69,\N,\N,61,12,1:20.232,196.574,11
24682,1033,841,51,99,19,17,17,17,0.0,69,\N,\N,44,11,1:20.096,196.908,11
24683,1033,847,3,63,12,18,18,18,0.0,69,\N,\N,67,9,1:19.984,197.184,11
24684,1033,849,3,6,15,19,19,19,0.0,65,\N,\N,64,19,1:21.198,194.236,15
24685,1033,842,213,10,10,\N,R,20,0.0,15,\N,\N,10,20,1:23.939,187.893,5
24686,1034,1,131,44,1,1,1,1,25.0,52,1:28:01.283,5281283,45,3,1:29.238,237.652,1
24687,1034,830,9,33,3,2,2,2,19.0,52,+5.856,5287139,52,1,1:27.097,243.494,1
24688,1034,844,6,16,4,3,3,3,15.0,52,+18.474,5299757,49,9,1:29.813,236.130,1
24689,1034,817,4,3,8,4,4,4,12.0,52,+19.650,5300933,49,5,1:29.482,237.004,1
24690,1034,846,1,4,5,5,5,5,10.0,52,+22.277,5303560,41,12,1:30.058,235.488,1
24691,1034,839,4,31,9,6,6,6,8.0,52,+26.937,5308220,50,6,1:29.491,236.980,1
24692,1034,842,213,10,11,7,7,7,6.0,52,+31.188,5312471,52,7,1:29.603,236.684,1
24693,1034,848,9,23,12,8,8,8,4.0,52,+32.670,5313953,52,2,1:28.689,239.123,1
24694,1034,840,211,18,6,9,9,9,2.0,52,+37.311,5318594,44,13,1:30.475,234.402,1
24695,1034,20,6,5,10,10,10,10,1.0,52,+41.857,5323140,44,15,1:30.537,234.242,1
24696,1034,822,131,77,2,11,11,11,0.0,52,+42.167,5323450,41,4,1:29.265,237.580,1
24697,1034,847,3,63,20,12,12,12,0.0,52,+52.004,5333287,41,16,1:30.862,233.404,1
24698,1034,832,1,55,7,13,13,13,0.0,52,+53.370,5334653,47,10,1:29.948,235.776,1
24699,1034,841,51,99,15,14,14,14,0.0,52,+54.205,5335488,49,17,1:30.977,233.109,1
24700,1034,849,3,6,18,15,15,15,0.0,52,+54.549,5335832,44,14,1:30.501,234.335,1
24701,1034,154,210,8,17,16,16,16,0.0,52,+55.050,5336333,49,8,1:29.782,236.212,1
24702,1034,8,51,7,16,17,17,17,0.0,51,\N,\N,49,11,1:29.973,235.710,11
24703,1034,826,213,26,19,\N,R,18,0.0,11,\N,\N,11,18,1:32.443,229.412,3
24704,1034,825,210,20,14,\N,R,19,0.0,1,\N,\N,\N,0,\N,\N,4
24705,1034,807,211,27,13,\N,W,20,0.0,0,\N,\N,\N,0,\N,\N,131
24706,1035,830,9,33,4,1,1,1,25.0,52,1:19:41.993,4781993,46,2,1:29.465,237.049,1
24707,1035,1,131,44,2,2,2,2,19.0,52,+11.326,4793319,43,1,1:28.451,239.766,1
24708,1035,822,131,77,1,3,3,3,15.0,52,+19.231,4801224,44,4,1:29.765,236.256,1
24709,1035,844,6,16,8,4,4,4,12.0,52,+29.289,4811282,39,8,1:30.552,234.203,1
24710,1035,848,9,23,9,5,5,5,10.0,52,+39.146,4821139,46,3,1:29.477,237.017,1
24711,1035,840,211,18,6,6,6,6,8.0,52,+42.538,4824531,45,15,1:30.877,233.365,1
24712,1035,807,211,27,3,7,7,7,6.0,52,+55.951,4837944,52,6,1:30.087,235.412,1
24713,1035,839,4,31,14,8,8,8,4.0,52,+1:04.773,4846766,50,10,1:30.575,234.144,1
24714,1035,846,1,4,10,9,9,9,2.0,52,+1:05.544,4847537,49,11,1:30.698,233.826,1
24715,1035,826,213,26,16,10,10,10,1.0,52,+1:09.669,4851662,52,12,1:30.738,233.723,1
24716,1035,842,213,10,7,11,11,11,0.0,52,+1:10.642,4852635,52,7,1:30.092,235.399,1
24717,1035,20,6,5,11,12,12,12,0.0,52,+1:13.370,4855363,49,13,1:30.785,233.602,1
24718,1035,832,1,55,12,13,13,13,0.0,52,+1:14.070,4856063,49,9,1:30.556,234.193,1
24719,1035,817,4,3,5,14,14,14,0.0,51,\N,\N,39,16,1:31.168,232.621,11
24720,1035,8,51,7,20,15,15,15,0.0,51,\N,\N,30,18,1:31.756,231.130,11
24721,1035,154,210,8,13,16,16,16,0.0,51,\N,\N,51,14,1:30.793,233.581,11
24722,1035,841,51,99,19,17,17,17,0.0,51,\N,\N,37,19,1:31.826,230.954,11
24723,1035,847,3,63,15,18,18,18,0.0,51,\N,\N,50,17,1:31.408,232.010,11
24724,1035,849,3,6,18,19,19,19,0.0,51,\N,\N,48,5,1:29.950,235.770,11
24725,1035,825,210,20,17,\N,R,20,0.0,43,\N,\N,39,20,1:31.830,230.944,31
24726,1036,1,131,44,1,1,1,1,25.0,66,1:31:45.279,5505279,63,2,1:19.822,209.942,1
24727,1036,830,9,33,3,2,2,2,18.0,66,+24.177,5529456,53,4,1:21.477,205.677,1
24728,1036,822,131,77,2,3,3,3,16.0,66,+44.752,5550031,66,1,1:18.183,214.343,1
24729,1036,840,211,18,5,4,4,4,12.0,65,\N,\N,56,8,1:22.024,204.306,11
24730,1036,815,211,11,4,5,5,5,10.0,65,\N,\N,58,16,1:22.515,203.090,11
24731,1036,832,1,55,7,6,6,6,8.0,65,\N,\N,59,5,1:21.771,204.938,11
24732,1036,20,6,5,11,7,7,7,6.0,65,\N,\N,48,18,1:22.707,202.618,11
24733,1036,848,9,23,6,8,8,8,4.0,65,\N,\N,41,11,1:22.194,203.883,11
24734,1036,842,213,10,10,9,9,9,2.0,65,\N,\N,44,17,1:22.543,203.021,11
24735,1036,846,1,4,8,10,10,10,1.0,65,\N,\N,56,13,1:22.392,203.393,11
24736,1036,817,4,3,13,11,11,11,0.0,65,\N,\N,51,14,1:22.464,203.215,11
24737,1036,826,213,26,12,12,12,12,0.0,65,\N,\N,47,12,1:22.336,203.531,11
24738,1036,839,4,31,15,13,13,13,0.0,65,\N,\N,65,10,1:22.174,203.933,11
24739,1036,8,51,7,14,14,14,14,0.0,65,\N,\N,47,7,1:21.888,204.645,11
24740,1036,825,210,20,16,15,15,15,0.0,65,\N,\N,64,19,1:23.474,200.757,11
24741,1036,841,51,99,20,16,16,16,0.0,65,\N,\N,47,6,1:21.801,204.863,11
24742,1036,847,3,63,18,17,17,17,0.0,65,\N,\N,37,15,1:22.503,203.119,11
24743,1036,849,3,6,19,18,18,18,0.0,64,\N,\N,60,9,1:22.030,204.291,12
24744,1036,154,210,8,17,19,19,19,0.0,64,\N,\N,64,3,1:20.409,208.409,12
24745,1036,844,6,16,9,\N,R,20,0.0,38,\N,\N,35,20,1:23.968,199.576,40
24746,1037,1,131,44,1,1,1,1,25.0,44,1:24:08.761,5048761,28,2,1:47.758,233.990,1
24747,1037,822,131,77,2,2,2,2,18.0,44,+8.448,5057209,27,5,1:47.983,233.503,1
24748,1037,830,9,33,3,3,3,3,15.0,44,+15.455,5064216,27,8,1:48.305,232.809,1
24749,1037,817,4,3,4,4,4,4,13.0,44,+18.877,5067638,44,1,1:47.483,234.589,1
24750,1037,839,4,31,6,5,5,5,10.0,44,+40.650,5089411,44,10,1:48.540,232.305,1
24751,1037,848,9,23,5,6,6,6,8.0,44,+42.712,5091473,27,12,1:48.736,231.886,1
24752,1037,846,1,4,10,7,7,7,6.0,44,+43.774,5092535,39,11,1:48.552,232.279,1
24753,1037,842,213,10,12,8,8,8,4.0,44,+47.371,5096132,29,3,1:47.839,233.815,1
24754,1037,840,211,18,9,9,9,9,2.0,44,+52.603,5101364,34,13,1:49.136,231.036,1
24755,1037,815,211,11,8,10,10,10,1.0,44,+53.179,5101940,20,9,1:48.389,232.628,1
24756,1037,826,213,26,11,11,11,11,0.0,44,+1:10.200,5118961,28,15,1:49.832,229.572,1
24757,1037,8,51,7,16,12,12,12,0.0,44,+1:11.504,5120265,28,14,1:49.822,229.593,1
24758,1037,20,6,5,14,13,13,13,0.0,44,+1:12.894,5121655,31,16,1:49.958,229.309,1
24759,1037,844,6,16,13,14,14,14,0.0,44,+1:14.920,5123681,26,4,1:47.840,233.813,1
24760,1037,154,210,8,17,15,15,15,0.0,44,+1:16.793,5125554,28,17,1:50.018,229.184,1
24761,1037,849,3,6,19,16,16,16,0.0,44,+1:17.795,5126556,32,6,1:48.048,233.362,1
24762,1037,825,210,20,20,17,17,17,0.0,44,+1:25.540,5134301,37,7,1:48.083,233.287,1
24763,1037,841,51,99,18,\N,R,18,0.0,9,\N,\N,9,19,1:51.793,225.545,3
24764,1037,847,3,63,15,\N,R,19,0.0,9,\N,\N,5,18,1:51.754,225.624,138
24765,1037,832,1,55,7,\N,W,20,0.0,0,\N,\N,\N,0,\N,\N,43
24766,1038,842,213,10,10,1,1,1,25.0,53,1:47:06.056,6426056,34,6,1:24.037,248.162,1
24767,1038,832,1,55,3,2,2,2,18.0,53,+0.415,6426471,40,2,1:23.882,248.620,1
24768,1038,840,211,18,8,3,3,3,15.0,53,+3.358,6429414,42,3,1:23.897,248.576,1
24769,1038,846,1,4,6,4,4,4,12.0,53,+6.000,6432056,50,7,1:24.232,247.587,1
24770,1038,822,131,77,2,5,5,5,10.0,53,+7.108,6433164,51,5,1:23.961,248.386,1
24771,1038,817,4,3,7,6,6,6,8.0,53,+8.391,6434447,38,4,1:23.898,248.573,1
24772,1038,1,131,44,1,7,7,7,7.0,53,+17.245,6443301,34,1,1:22.746,252.033,1
24773,1038,839,4,31,12,8,8,8,4.0,53,+18.691,6444747,52,11,1:24.490,246.831,1
24774,1038,826,213,26,11,9,9,9,2.0,53,+22.208,6448264,44,10,1:24.479,246.863,1
24775,1038,815,211,11,4,10,10,10,1.0,53,+23.224,6449280,50,8,1:24.336,247.282,1
24776,1038,849,3,6,20,11,11,11,0.0,53,+32.876,6458932,39,16,1:24.999,245.353,1
24777,1038,154,210,8,16,12,12,12,0.0,53,+35.164,6461220,48,12,1:24.785,245.972,1
24778,1038,8,51,7,14,13,13,13,0.0,53,+36.312,6462368,29,13,1:24.835,245.827,1
24779,1038,847,3,63,19,14,14,14,0.0,53,+36.593,6462649,39,9,1:24.421,247.033,1
24780,1038,848,9,23,9,15,15,15,0.0,53,+37.533,6463589,48,15,1:24.926,245.564,1
24781,1038,841,51,99,18,16,16,16,0.0,53,+55.199,6481255,43,14,1:24.856,245.766,1
24782,1038,830,9,33,5,\N,R,17,0.0,30,\N,\N,10,17,1:25.539,243.804,131
24783,1038,844,6,16,13,\N,R,18,0.0,23,\N,\N,19,19,1:26.026,242.424,3
24784,1038,825,210,20,15,\N,R,19,0.0,17,\N,\N,10,18,1:25.787,243.099,131
24785,1038,20,6,5,17,\N,R,20,0.0,6,\N,\N,4,20,1:27.107,239.415,23
24786,1039,1,131,44,1,1,1,1,26.0,59,2:19:35.060,8375060,58,1,1:18.833,239.518,1
24787,1039,822,131,77,2,2,2,2,18.0,59,+4.880,8379940,53,2,1:19.432,237.712,1
24788,1039,848,9,23,4,3,3,3,15.0,59,+8.064,8383124,51,3,1:20.039,235.909,1
24789,1039,817,4,3,8,4,4,4,12.0,59,+10.417,8385477,57,4,1:20.426,234.774,1
24790,1039,815,211,11,7,5,5,5,10.0,59,+15.650,8390710,59,5,1:20.632,234.175,1
24791,1039,846,1,4,11,6,6,6,8.0,59,+18.883,8393943,59,7,1:21.198,232.542,1
24792,1039,826,213,26,12,7,7,7,6.0,59,+21.756,8396816,51,10,1:21.458,231.800,1
24793,1039,844,6,16,5,8,8,8,4.0,59,+28.345,8403405,50,9,1:21.229,232.453,1
24794,1039,8,51,7,13,9,9,9,2.0,59,+29.770,8404830,59,6,1:21.164,232.640,1
24795,1039,20,6,5,14,10,10,10,1.0,59,+29.983,8405043,59,8,1:21.202,232.531,1
24796,1039,847,3,63,18,11,11,11,0.0,59,+32.404,8407464,58,11,1:21.645,231.269,1
24797,1039,154,210,8,15,12,12,12,0.0,59,+42.036,8417096,59,13,1:22.263,229.532,1
24798,1039,840,211,18,6,\N,R,13,0.0,42,\N,\N,42,12,1:22.068,230.077,29
24799,1039,839,4,31,10,\N,R,14,0.0,7,\N,\N,6,15,2:11.793,143.270,23
24800,1039,849,3,6,19,\N,R,15,0.0,6,\N,\N,6,14,2:11.365,143.736,4
24801,1039,825,210,20,20,\N,R,16,0.0,5,\N,\N,4,17,2:13.812,141.108,4
24802,1039,841,51,99,17,\N,R,17,0.0,5,\N,\N,4,16,2:13.809,141.111,4
24803,1039,832,1,55,9,\N,R,18,0.0,5,\N,\N,5,18,2:14.103,140.802,4
24804,1039,830,9,33,3,\N,R,19,0.0,0,\N,\N,\N,0,\N,\N,4
24805,1039,842,213,10,16,\N,R,20,0.0,0,\N,\N,\N,0,\N,\N,4
24806,1040,822,131,77,3,1,1,1,26.0,53,1:34:00.364,5640364,51,1,1:37.030,216.972,1
24807,1040,830,9,33,2,2,2,2,18.0,53,+7.729,5648093,53,3,1:37.332,216.298,1
24808,1040,1,131,44,1,3,3,3,15.0,53,+22.729,5663093,48,7,1:38.075,214.660,1
24809,1040,815,211,11,4,4,4,4,12.0,53,+30.558,5670922,52,8,1:38.141,214.515,1
24810,1040,817,4,3,5,5,5,5,10.0,53,+52.065,5692429,53,6,1:37.886,215.074,1
24811,1040,844,6,16,10,6,6,6,8.0,53,+1:02.186,5702550,47,11,1:39.053,212.540,1
24812,1040,839,4,31,7,7,7,7,6.0,53,+1:08.006,5708370,48,13,1:39.216,212.191,1
24813,1040,826,213,26,11,8,8,8,4.0,53,+1:08.740,5709104,48,12,1:39.133,212.369,1
24814,1040,842,213,10,9,9,9,9,2.0,53,+1:29.766,5730130,50,2,1:37.231,216.523,1
24815,1040,848,9,23,15,10,10,10,1.0,53,+1:37.860,5738224,51,9,1:38.377,214.001,1
24816,1040,841,51,99,17,11,11,11,0.0,52,\N,\N,44,16,1:39.766,211.021,11
24817,1040,825,210,20,18,12,12,12,0.0,52,\N,\N,52,17,1:40.380,209.731,11
24818,1040,20,6,5,14,13,13,13,0.0,52,\N,\N,46,14,1:39.588,211.398,11
24819,1040,8,51,7,19,14,14,14,0.0,52,\N,\N,37,10,1:38.858,212.960,11
24820,1040,846,1,4,8,15,15,15,0.0,52,\N,\N,50,5,1:37.377,216.198,11
24821,1040,849,3,6,20,16,16,16,0.0,52,\N,\N,47,18,1:41.044,208.352,11
24822,1040,154,210,8,16,17,17,17,0.0,52,\N,\N,44,15,1:39.614,211.343,11
24823,1040,847,3,63,13,18,18,18,0.0,52,\N,\N,52,4,1:37.352,216.254,11
24824,1040,832,1,55,6,\N,R,19,0.0,0,\N,\N,\N,0,\N,\N,3
24825,1040,840,211,18,12,\N,R,20,0.0,0,\N,\N,\N,0,\N,\N,4
24826,1041,1,131,44,2,1,1,1,25.0,60,1:35:49.641,5749641,58,2,1:28.145,210.253,1
24827,1041,830,9,33,3,2,2,2,19.0,60,+4.470,5754111,60,1,1:28.139,210.267,1
24828,1041,817,4,3,6,3,3,3,15.0,60,+14.613,5764254,53,3,1:29.584,206.876,1
24829,1041,815,211,11,9,4,4,4,12.0,60,+16.070,5765711,58,4,1:29.700,206.608,1
24830,1041,832,1,55,10,5,5,5,10.0,60,+21.905,5771546,53,6,1:30.129,205.625,1
24831,1041,842,213,10,12,6,6,6,8.0,60,+22.766,5772407,53,5,1:30.110,205.668,1
24832,1041,844,6,16,4,7,7,7,6.0,60,+30.814,5780455,54,10,1:30.712,204.303,1
24833,1041,807,211,27,20,8,8,8,4.0,60,+32.596,5782237,58,11,1:30.733,204.256,1
24834,1041,154,210,8,16,9,9,9,2.0,60,+39.081,5788722,54,14,1:31.562,202.407,1
24835,1041,841,51,99,14,10,10,10,1.0,60,+40.035,5789676,38,12,1:30.909,203.861,1
24836,1041,20,6,5,11,11,11,11,0.0,60,+40.810,5790451,43,7,1:30.408,204.990,1
24837,1041,8,51,7,19,12,12,12,0.0,60,+41.476,5791117,54,9,1:30.512,204.755,1
24838,1041,825,210,20,15,13,13,13,0.0,60,+49.585,5799226,37,8,1:30.456,204.881,1
24839,1041,849,3,6,18,14,14,14,0.0,60,+54.449,5804090,39,13,1:31.377,202.816,1
24840,1041,826,213,26,13,15,15,15,0.0,60,+55.588,5805229,41,16,1:32.214,200.975,1
24841,1041,846,1,4,8,\N,R,16,0.0,42,\N,\N,40,17,1:32.328,200.727,131
24842,1041,848,9,23,5,\N,R,17,0.0,23,\N,\N,9,18,1:32.330,200.723,21
24843,1041,839,4,31,7,\N,R,18,0.0,22,\N,\N,21,19,1:33.189,198.873,6
24844,1041,822,131,77,1,\N,R,19,0.0,18,\N,\N,8,15,1:31.884,201.697,131
24845,1041,847,3,63,17,\N,R,20,0.0,12,\N,\N,6,20,1:34.526,196.060,4
24846,1042,1,131,44,1,1,1,1,26.0,66,1:29:56.828,5396828,63,1,1:18.750,212.708,1
24847,1042,822,131,77,2,2,2,2,18.0,66,+25.592,5422420,66,2,1:19.345,211.113,1
24848,1042,830,9,33,3,3,3,3,15.0,66,+34.508,5431336,62,4,1:19.854,209.767,1
24849,1042,844,6,16,4,4,4,4,12.0,66,+1:05.312,5462140,66,7,1:20.408,208.322,1
24850,1042,842,213,10,9,5,5,5,10.0,65,\N,\N,65,9,1:20.551,207.952,11
24851,1042,832,1,55,7,6,6,6,8.0,65,\N,\N,65,6,1:20.268,208.685,11
24852,1042,815,211,11,5,7,7,7,6.0,65,\N,\N,49,11,1:20.802,207.306,11
24853,1042,839,4,31,11,8,8,8,4.0,65,\N,\N,61,12,1:20.859,207.160,11
24854,1042,817,4,3,10,9,9,9,2.0,65,\N,\N,61,14,1:20.906,207.040,11
24855,1042,20,6,5,15,10,10,10,1.0,65,\N,\N,62,10,1:20.731,207.489,11
24856,1042,8,51,7,16,11,11,11,0.0,65,\N,\N,60,15,1:21.058,206.652,11
24857,1042,848,9,23,6,12,12,12,0.0,65,\N,\N,61,5,1:19.890,209.673,11
24858,1042,846,1,4,8,13,13,13,0.0,65,\N,\N,65,3,1:19.360,211.073,11
24859,1042,847,3,63,14,14,14,14,0.0,65,\N,\N,62,13,1:20.882,207.101,11
24860,1042,841,51,99,17,15,15,15,0.0,65,\N,\N,46,20,1:21.893,204.544,11
24861,1042,825,210,20,19,16,16,16,0.0,65,\N,\N,63,16,1:21.460,205.632,11
24862,1042,154,210,8,18,17,17,17,0.0,65,\N,\N,59,17,1:21.664,205.118,11
24863,1042,849,3,6,20,18,18,18,0.0,64,\N,\N,53,19,1:21.859,204.629,12
24864,1042,826,213,26,13,19,19,19,0.0,64,\N,\N,59,8,1:20.449,208.216,12
24865,1042,840,211,18,12,\N,R,20,0.0,51,\N,\N,45,18,1:21.694,205.043,130
24866,1043,1,131,44,2,1,1,1,26.0,63,1:28:32.430,5312430,63,1,1:15.484,234.121,1
24867,1043,822,131,77,1,2,2,2,18.0,63,+5.783,5318213,63,2,1:15.902,232.831,1
24868,1043,817,4,3,5,3,3,3,15.0,63,+14.320,5326750,62,4,1:17.552,227.878,1
24869,1043,826,213,26,8,4,4,4,12.0,63,+15.141,5327571,62,6,1:17.666,227.543,1
24870,1043,844,6,16,7,5,5,5,10.0,63,+19.111,5331541,62,12,1:18.173,226.067,1
24871,1043,815,211,11,11,6,6,6,8.0,63,+19.652,5332082,49,9,1:18.084,226.325,1
24872,1043,832,1,55,10,7,7,7,6.0,63,+20.230,5332660,62,11,1:18.118,226.226,1
24873,1043,846,1,4,9,8,8,8,4.0,63,+21.131,5333561,63,8,1:18.069,226.368,1
24874,1043,8,51,7,18,9,9,9,2.0,63,+22.224,5334654,63,10,1:18.088,226.313,1
24875,1043,841,51,99,20,10,10,10,1.0,63,+26.398,5338828,61,15,1:18.794,224.286,1
24876,1043,849,3,6,19,11,11,11,0.0,63,+27.135,5339565,37,14,1:18.719,224.499,1
24877,1043,20,6,5,14,12,12,12,0.0,63,+28.453,5340883,44,7,1:17.767,227.248,1
24878,1043,840,211,18,15,13,13,13,0.0,63,+29.163,5341593,46,13,1:18.360,225.528,1
24879,1043,154,210,8,16,14,14,14,0.0,63,+32.935,5345365,45,17,1:18.822,224.206,1
24880,1043,848,9,23,6,15,15,15,0.0,63,+57.284,5369714,63,3,1:16.177,231.991,1
24881,1043,847,3,63,13,\N,R,16,0.0,51,\N,\N,43,16,1:18.811,224.237,3
24882,1043,830,9,33,3,\N,R,17,0.0,50,\N,\N,44,5,1:17.637,227.628,29
24883,1043,825,210,20,17,\N,R,18,0.0,47,\N,\N,45,18,1:19.273,222.930,139
24884,1043,839,4,31,12,\N,R,19,0.0,27,\N,\N,22,19,1:19.606,221.998,6
24885,1043,842,213,10,4,\N,R,20,0.0,8,\N,\N,5,20,1:20.403,219.797,34
24886,1044,1,131,44,6,1,1,1,25.0,58,1:42:19.313,6139313,56,6,1:39.413,193.302,1
24887,1044,815,211,11,3,2,2,2,18.0,58,+31.633,6170946,50,12,1:40.392,191.417,1
24888,1044,20,6,5,11,3,3,3,15.0,58,+31.960,6171273,53,8,1:39.662,192.819,1
24889,1044,844,6,16,12,4,4,4,12.0,58,+33.858,6173171,47,11,1:39.961,192.242,1
24890,1044,832,1,55,15,5,5,5,10.0,58,+34.363,6173676,56,4,1:38.754,194.592,1
24891,1044,830,9,33,2,6,6,6,8.0,58,+44.873,6184186,53,3,1:38.431,195.231,1
24892,1044,848,9,23,4,7,7,7,6.0,58,+46.484,6185797,54,5,1:39.099,193.915,1
24893,1044,846,1,4,14,8,8,8,5.0,58,+1:01.259,6200572,58,1,1:36.806,198.508,1
24894,1044,840,211,18,1,9,9,9,2.0,58,+1:12.353,6211666,55,10,1:39.921,192.319,1
24895,1044,817,4,3,5,10,10,10,1.0,58,+1:35.460,6234773,54,13,1:40.677,190.875,1
24896,1044,839,4,31,7,11,11,11,0.0,57,\N,\N,55,16,1:41.006,190.254,11
24897,1044,826,213,26,16,12,12,12,0.0,57,\N,\N,53,17,1:41.019,190.229,11
24898,1044,842,213,10,19,13,13,13,0.0,57,\N,\N,53,7,1:39.586,192.966,11
24899,1044,822,131,77,9,14,14,14,0.0,57,\N,\N,57,2,1:38.193,195.704,11
24900,1044,8,51,7,8,15,15,15,0.0,57,\N,\N,57,9,1:39.743,192.663,11
24901,1044,847,3,63,0,16,16,16,0.0,57,\N,\N,51,14,1:40.814,190.616,11
24902,1044,825,210,20,13,17,17,17,0.0,55,\N,\N,45,15,1:40.948,190.363,54
24903,1044,154,210,8,17,\N,R,18,0.0,49,\N,\N,38,18,1:43.281,186.063,130
24904,1044,849,3,6,0,\N,R,19,0.0,39,\N,\N,32,19,1:43.495,185.678,130
24905,1044,841,51,99,10,\N,R,20,0.0,11,\N,\N,11,20,1:51.122,172.934,6
24906,1045,1,131,44,1,1,1,1,25.0,57,2:59:47.515,10787515,38,3,1:32.864,209.803,1
24907,1045,830,9,33,3,2,2,2,19.0,57,+1.254,10788769,48,1,1:32.014,211.741,1
24908,1045,848,9,23,4,3,3,3,15.0,57,+8.005,10795520,41,10,1:33.684,207.967,1
24909,1045,846,1,4,9,4,4,4,12.0,57,+11.337,10798852,53,7,1:33.588,208.180,1
24910,1045,832,1,55,15,5,5,5,10.0,57,+11.787,10799302,46,5,1:33.411,208.575,1
24911,1045,842,213,10,8,6,6,6,8.0,57,+11.942,10799457,48,16,1:34.817,205.482,1
24912,1045,817,4,3,6,7,7,7,6.0,57,+19.368,10806883,38,2,1:32.827,209.887,1
24913,1045,822,131,77,2,8,8,8,4.0,57,+19.680,10807195,28,4,1:33.352,208.706,1
24914,1045,839,4,31,7,9,9,9,2.0,57,+22.803,10810318,37,13,1:34.354,206.490,1
24915,1045,844,6,16,12,10,10,10,1.0,56,\N,\N,44,8,1:33.625,208.098,11
24916,1045,826,213,26,10,11,11,11,0.0,56,\N,\N,35,12,1:34.141,206.957,11
24917,1045,847,3,63,14,12,12,12,0.0,56,\N,\N,47,17,1:35.042,204.995,11
24918,1045,20,6,5,11,13,13,13,0.0,56,\N,\N,41,11,1:33.861,207.575,11
24919,1045,849,3,6,20,14,14,14,0.0,56,\N,\N,39,15,1:34.591,205.973,11
24920,1045,8,51,7,17,15,15,15,0.0,56,\N,\N,43,6,1:33.573,208.213,11
24921,1045,841,51,99,16,16,16,16,0.0,56,\N,\N,22,14,1:34.536,206.092,11
24922,1045,825,210,20,18,17,17,17,0.0,56,\N,\N,29,18,1:35.241,204.567,11
24923,1045,815,211,11,5,18,18,18,0.0,53,\N,\N,40,9,1:33.629,208.089,5
24924,1045,840,211,18,13,\N,R,19,0.0,2,\N,\N,\N,0,\N,\N,4
24925,1045,154,210,8,19,\N,R,20,0.0,0,\N,\N,\N,0,\N,\N,4
24926,1046,815,211,11,5,1,1,1,25.0,87,1:31:15.114,5475114,69,3,0:56.789,224.599,1
24927,1046,839,4,31,11,2,2,2,18.0,87,+10.518,5485632,75,12,0:57.350,222.402,1
24928,1046,840,211,18,10,3,3,3,15.0,87,+11.869,5486983,85,14,0:57.388,222.255,1
24929,1046,832,1,55,8,4,4,4,12.0,87,+12.580,5487694,80,9,0:57.165,223.122,1
24930,1046,817,4,3,7,5,5,5,10.0,87,+13.330,5488444,57,6,0:56.979,223.850,1
24931,1046,848,9,23,12,6,6,6,8.0,87,+13.842,5488956,52,8,0:57.056,223.548,1
24932,1046,826,213,26,6,7,7,7,6.0,87,+14.534,5489648,80,7,0:57.001,223.764,1
24933,1046,822,131,77,1,8,8,8,4.0,87,+15.389,5490503,60,2,0:56.563,225.497,1
24934,1046,847,131,63,2,9,9,9,3.0,87,+18.556,5493670,80,1,0:55.404,230.214,1
24935,1046,846,1,4,19,10,10,10,1.0,87,+19.541,5494655,85,11,0:57.270,222.713,1
24936,1046,842,213,10,9,11,11,11,0.0,87,+20.527,5495641,53,10,0:57.220,222.908,1
24937,1046,20,6,5,13,12,12,12,0.0,87,+22.611,5497725,56,5,0:56.905,224.141,1
24938,1046,841,51,99,14,13,13,13,0.0,87,+24.111,5499225,56,4,0:56.887,224.212,1
24939,1046,8,51,7,18,14,14,14,0.0,87,+26.153,5501267,56,13,0:57.375,222.305,1
24940,1046,825,210,20,15,15,15,15,0.0,87,+32.370,5507484,57,16,0:57.516,221.760,1
24941,1046,851,3,89,17,16,16,16,0.0,87,+33.674,5508788,56,15,0:57.392,222.240,1
24942,1046,850,210,51,20,17,17,17,0.0,87,+36.858,5511972,56,17,0:57.742,220.892,1
24943,1046,849,3,6,16,\N,R,18,0.0,52,\N,\N,29,18,0:58.206,219.132,5
24944,1046,830,9,33,3,\N,R,19,0.0,0,\N,\N,\N,0,\N,\N,3
24945,1046,844,6,16,4,\N,R,20,0.0,0,\N,\N,\N,0,\N,\N,4
24946,1047,830,9,33,1,1,1,1,25.0,55,1:36:28.645,5788645,14,2,1:40.958,198.046,1
24947,1047,822,131,77,2,2,2,2,18.0,55,+15.976,5804621,40,3,1:41.131,197.707,1
24948,1047,1,131,44,3,3,3,3,15.0,55,+18.415,5807060,37,5,1:41.420,197.144,1
24949,1047,848,9,23,5,4,4,4,12.0,55,+19.987,5808632,42,4,1:41.227,197.520,1
24950,1047,846,1,4,4,5,5,5,10.0,55,+1:00.729,5849374,53,12,1:41.964,196.092,1
24951,1047,832,1,55,6,6,6,6,8.0,55,+1:05.662,5854307,48,11,1:41.947,196.125,1
24952,1047,817,4,3,11,7,7,7,7.0,55,+1:13.748,5862393,55,1,1:40.926,198.109,1
24953,1047,842,213,10,9,8,8,8,4.0,55,+1:29.718,5878363,53,15,1:42.474,195.116,1
24954,1047,839,4,31,10,9,9,9,2.0,55,+1:41.069,5799996,47,18,1:42.894,194.320,1
24955,1047,840,211,18,8,10,10,10,1.0,55,+1:42.738,5790314,41,9,1:41.866,196.281,1
24956,1047,826,213,26,7,11,11,11,0.0,54,\N,\N,47,17,1:42.704,194.679,11
24957,1047,8,51,7,15,12,12,12,0.0,54,\N,\N,53,14,1:42.148,195.739,11
24958,1047,844,6,16,12,13,13,13,0.0,54,\N,\N,24,10,1:41.908,196.200,11
24959,1047,20,6,5,13,14,14,14,0.0,54,\N,\N,37,6,1:41.475,197.037,11
24960,1047,847,3,63,16,15,15,15,0.0,54,\N,\N,54,20,1:43.328,193.504,11
24961,1047,841,51,99,14,16,16,16,0.0,54,\N,\N,29,7,1:41.675,196.650,11
24962,1047,849,3,6,18,17,17,17,0.0,54,\N,\N,49,16,1:42.497,195.073,11
24963,1047,825,210,20,20,18,18,18,0.0,54,\N,\N,50,13,1:41.999,196.025,11
24964,1047,850,210,51,17,19,19,19,0.0,53,\N,\N,50,8,1:41.707,196.588,12
24965,1047,815,211,11,19,\N,R,20,0.0,8,\N,\N,6,19,1:43.263,193.625,7
